2016-06-02,Phillies,• Mario Hollands,activated from 60-day DL
2016-06-09,Rangers,• Robinson Chirinos,activated from 60-day DL
2016-06-09,Reds,• Kyle Skipworth,activated from 60-day DL
2016-06-10,Reds,• Anthony DeSclafani,activated from 60-day DL
2016-06-12,Athletics,• R.J. Alvarez,activated from 60-day DL
2016-06-12,Dodgers,• Frankie Montas,activated from 60-day DL
2016-06-14,Brewers,• Matt Garza,activated from 60-day DL
2016-06-19,Brewers,• Zack Jones,activated from 60-day DL
2016-06-22,Reds,• Michael Lorenzen,activated from 60-day DL
2016-07-01,Padres,• Buddy Baumann,activated from 60-day DL
2016-07-03,Dodgers,• Brandon McCarthy,activated from 60-day DL
2016-07-04,Giants,• Sergio Romo,activated from 60-day DL
2016-07-05,Rockies,• Adam Ottavino,activated from 60-day DL
2016-07-06,Mariners,• Jesus Sucre,activated from 60-day DL
2016-07-07,Dodgers,• Hyun Jin Ryu,activated from 60-day DL
2016-07-15,Rangers,• Keone Kela,activated from 60-day DL
2016-07-18,Indians,• Roberto Perez (Andres),activated from 60-day DL
2016-07-18,Yankees,• Mason Williams,activated from 60-day DL
2016-07-20,Pirates,• Elias Diaz,activated from 60-day DL
2016-07-22,Blue Jays,• Franklin Morales,activated from 60-day DL
2016-07-28,Phillies,• Aaron Altherr,activated from 60-day DL
2016-07-28,Reds,• Homer Bailey,activated from 60-day DL
2016-07-30,Angels,• Craig Gentry,activated from 60-day DL
2016-08-02,Angels,• Cliff Pennington,activated from 60-day DL
2016-08-02,Giants,• Ehire Adrianza,activated from 60-day DL
2016-08-03,Dodgers,• Josh Ravin,activated from 60-day DL
2016-08-04,Pirates,• Ryan Vogelsong,activated from 60-day DL
2016-08-10,Rangers,• Drew Stubbs,activated from 60-day DL
2016-08-14,Dodgers,• Brett Anderson (Franklin),activated from 60-day DL
2016-08-17,Rays,• Chase Whitley,activated from 60-day DL
2016-08-23,Mariners,• Tony Zych,activated from 60-day DL
2016-08-23,Rangers,• Derek Holland,activated from 60-day DL
2016-08-23,Rangers,• Josh Hamilton,activated from 60-day DL
2016-08-24,Yankees,• Bryan Mitchell,activated from 60-day DL
2016-08-26,Diamondbacks,• AJ Pollock,activated from 60-day DL
2016-08-29,Rays,• Alex Cobb,activated from 60-day DL
2016-08-31,Reds,• A.J. Morris,activated from 60-day DL
2016-09-01,Mariners,• Evan Scribner,activated from 60-day DL
2016-09-02,Braves,• Williams Perez,activated from 60-day DL
2016-09-04,Cardinals,• Brayan Pena,activated from 60-day DL
2016-09-05,Orioles,• Brian Duensing,activated from 60-day DL
2016-09-06,Marlins,• Justin Bour,activated from 60-day DL
2016-09-06,Padres,• Jon Jay,activated from 60-day DL
2016-09-06,Rangers,• Tanner Scheppers,activated from 60-day DL
2016-09-09,Diamondbacks,• Rubby De La Rosa,activated from 60-day DL
2016-09-09,Dodgers,• Clayton Kershaw,activated from 60-day DL
2016-09-10,Dodgers,• Andre Ethier,activated from 60-day DL
2016-09-11,Rangers,• Colby Lewis,activated from 60-day DL
2016-09-14,Angels,• Cory Rasmus,activated from 60-day DL
2016-09-16,Braves,• Mallex Smith,activated from 60-day DL
2016-09-17,Mets,• Lucas Duda,activated from 60-day DL
2016-09-17,Royals,• Jason Vargas,activated from 60-day DL
2016-09-18,Nationals,• Joe Ross (Andrew),activated from 60-day DL
2016-09-20,Dodgers,• Alex Wood,activated from 60-day DL
2016-09-20,Marlins,• Bryan Morris,activated from 60-day DL
2016-09-30,Indians,• Yan Gomes,activated from 60-day DL
2016-10-06,Athletics,• Andrew Lambo,activated from 60-day DL
2016-10-06,Athletics,• Eric Sogard,activated from 60-day DL
2016-10-06,Athletics,• Fernando Rodriguez Jr.,activated from 60-day DL
2016-10-06,Athletics,• Henderson Alvarez,activated from 60-day DL
2016-10-07,Athletics,• Chris Bassitt,activated from 60-day DL
2016-10-07,Athletics,• Felix Doubront,activated from 60-day DL
2016-10-07,Athletics,• Jarrod Parker (Brent),activated from 60-day DL
2016-10-07,Athletics,• Jed Lowrie,activated from 60-day DL
2016-10-07,Athletics,• Josh Phegley,activated from 60-day DL
2016-10-07,Athletics,• Mark Canha,activated from 60-day DL
2016-10-07,Athletics,• Sam Fuld,activated from 60-day DL
2016-10-10,Yankees,• Greg Bird,activated from 60-day DL
2016-10-11,Braves,• Andrew McKirahan,activated from 60-day DL
2016-10-11,Braves,• Matt Marksberry,activated from 60-day DL
2016-10-13,Cardinals,• Mitch Harris,activated from 60-day DL
2016-10-22,Cubs,• Kyle Schwarber,activated from 60-day DL
2016-10-25,Nationals,• Aaron Barrett,activated from 60-day DL
2016-10-25,Padres,• Jemile Weeks,activated from 60-day DL
2016-10-26,Rangers,• Lucas Harrell,activated from 60-day DL
2016-10-26,Rangers,• Shawn Tolleson,activated from 60-day DL
2016-10-27,Reds,• Caleb Cotham,activated from 60-day DL
2016-10-27,Reds,• Devin Mesoraco,activated from 60-day DL
2016-10-27,Reds,• Yorman Rodriguez,activated from 60-day DL
2016-10-27,Reds,• Zack Cozart,activated from 60-day DL
2016-10-28,Brewers,• Rymer Liriano,activated from 60-day DL
2016-10-28,Brewers,• Sean Nolin,activated from 60-day DL
2016-10-31,Mariners,• Steve Clevenger,activated from 60-day DL
2016-11-01,Twins,• Danny Santana,activated from 60-day DL
2016-11-01,Twins,• Glen Perkins,activated from 60-day DL
2016-11-01,Twins,• Phil Hughes,activated from 60-day DL
2016-11-02,Mariners,• Charlie Furbush,activated from 60-day DL
2016-11-02,Mariners,• Ryan Cook (William),activated from 60-day DL
2016-11-03,Angels,• C.J. Wilson,activated from 60-day DL
2016-11-03,Blue Jays,• Gavin Floyd,activated from 60-day DL
2016-11-03,Braves,• A.J. Pierzynski,activated from 60-day DL
2016-11-03,Braves,• Eric O'Flaherty,activated from 60-day DL
2016-11-03,Brewers,• Chris Capuano,activated from 60-day DL
2016-11-03,Diamondbacks,• David Peralta,activated from 60-day DL
2016-11-03,Diamondbacks,• Nick Ahmed,activated from 60-day DL
2016-11-03,Mariners,• Nate Karns,activated from 60-day DL
2016-11-03,Mets,• David Wright (Allen),activated from 60-day DL
2016-11-03,Mets,• Jonathon Niese,activated from 60-day DL
2016-11-03,Mets,• Matt Harvey,activated from 60-day DL
2016-11-03,Mets,• Neil Walker,activated from 60-day DL
2016-11-03,Mets,• Zack Wheeler,activated from 60-day DL
2016-11-03,Orioles,• Steve Pearce,activated from 60-day DL
2016-11-03,Phillies,• Aaron Nola,activated from 60-day DL
2016-11-03,Phillies,• Charlie Morton,activated from 60-day DL
2016-11-03,Phillies,• Matt Harrison (Reid),activated from 60-day DL
2016-11-03,Phillies,• Zach Eflin,activated from 60-day DL
2016-11-03,Red Sox,• Blake Swihart,activated from 60-day DL
2016-11-03,Red Sox,• Brandon Workman,activated from 60-day DL
2016-11-03,Red Sox,• Carson Smith,activated from 60-day DL
2016-11-03,Red Sox,• Josh Rutledge,activated from 60-day DL
2016-11-03,Red Sox,• Pablo Sandoval,activated from 60-day DL
2016-11-03,Reds,• Alfredo Simon,activated from 60-day DL
2016-11-03,White Sox,• Daniel Webb,activated from 60-day DL
2016-11-03,White Sox,• Jake Petricka,activated from 60-day DL
2016-11-03,White Sox,• Matt Davidson,activated from 60-day DL
2016-11-04,Braves,• Dan Winkler,activated from 60-day DL
2016-11-04,Braves,• Jesse Biddle,activated from 60-day DL
2016-11-04,Braves,• Paco Rodriguez,activated from 60-day DL
2016-11-04,Cardinals,• Jordan Walden,activated from 60-day DL
2016-11-04,Cardinals,• Lance Lynn,activated from 60-day DL
2016-11-04,Cardinals,• Seth Maness,activated from 60-day DL
2016-11-04,Cardinals,• Tyler Lyons,activated from 60-day DL
2016-11-04,Mets,• Justin Ruggiano,activated from 60-day DL
2016-11-04,Mets,• Rob Whalen,activated from 60-day DL
2016-11-04,Orioles,• Chris Lee (Ulysses),activated from 60-day DL
2016-11-04,Orioles,• Joey Rickard,activated from 60-day DL
2016-11-04,Pirates,• A.J. Schugel,activated from 60-day DL
2016-11-04,Pirates,• Chris Stewart,activated from 60-day DL
2016-11-04,Pirates,• Elias Diaz,activated from 60-day DL
2016-11-04,Pirates,• Gerrit Cole,activated from 60-day DL
2016-11-04,Pirates,• Josh Harrison,activated from 60-day DL
2016-11-04,Royals,• Kris Medlen,activated from 60-day DL
2016-11-04,Royals,• Mike Minor,activated from 60-day DL
2016-11-04,Royals,• Mike Moustakas,activated from 60-day DL
2016-11-04,Royals,• Tim Collins (Michael),activated from 60-day DL
2016-11-04,Tigers,• Drew VerHagen,activated from 60-day DL
2016-11-04,Yankees,• Branden Pinder,activated from 60-day DL
2016-11-04,Yankees,• Chad Green (Keith),activated from 60-day DL
2016-11-04,Yankees,• Dustin Ackley,activated from 60-day DL
2016-11-04,Yankees,• Nathan Eovaldi,activated from 60-day DL
2016-11-04,Yankees,• Nick Rumbelow,activated from 60-day DL
2016-11-07,Angels,• Andrew Heaney,activated from 60-day DL
2016-11-07,Angels,• Garrett Richards,activated from 60-day DL
2016-11-07,Angels,• Huston Street,activated from 60-day DL
2016-11-07,Angels,• Matt Shoemaker,activated from 60-day DL
2016-11-07,Angels,• Nick Tropeano,activated from 60-day DL
2016-11-07,Brewers,• Yhonathan Barrios,activated from 60-day DL
2016-11-07,Cubs,• Aaron Brooks (Lee),activated from 60-day DL
2016-11-07,Cubs,• Christian Villanueva,activated from 60-day DL
2016-11-07,Cubs,• Conor Mullee,activated from 60-day DL
2016-11-07,Cubs,• Dallas Beeler,activated from 60-day DL
2016-11-07,Cubs,• Zac Rosscup,activated from 60-day DL
2016-11-07,Dodgers,• (David) Chris Hatcher,activated from 60-day DL
2016-11-07,Dodgers,• Carlos Frias,activated from 60-day DL
2016-11-07,Dodgers,• Chin-Hui Tsao,activated from 60-day DL
2016-11-07,Dodgers,• Hyun Jin Ryu,activated from 60-day DL
2016-11-07,Dodgers,• Scott Van Slyke,activated from 60-day DL
2016-11-07,Dodgers,• Trayce Thompson,activated from 60-day DL
2016-11-07,Dodgers,• Yimi Garcia,activated from 60-day DL
2016-11-07,Giants,• Chris Heston,activated from 60-day DL
2016-11-07,Giants,• Mac Williamson,activated from 60-day DL
2016-11-07,Giants,• Ray Black,activated from 60-day DL
2016-11-07,Indians,• Carlos Carrasco,activated from 60-day DL
2016-11-07,Indians,• Michael Brantley,activated from 60-day DL
2016-11-07,Padres,• Carter Capps,activated from 60-day DL
2016-11-07,Padres,• Cesar Vargas,activated from 60-day DL
2016-11-07,Padres,• Cory Spangenberg,activated from 60-day DL
2016-11-07,Padres,• Erik Johnson (Craig),activated from 60-day DL
2016-11-07,Padres,• Jon Edwards,activated from 60-day DL
2016-11-07,Padres,• Robbie Erlin,activated from 60-day DL
2016-11-07,Padres,• Tyson Ross,activated from 60-day DL
2016-11-07,Rangers,• Adrian Sampson,activated from 60-day DL
2016-11-07,Rangers,• Prince Fielder,activated from 60-day DL
2016-11-07,Rays,• Matt Duffy (Michael),activated from 60-day DL
2016-11-07,Rays,• Steven Souza Jr.,activated from 60-day DL
2016-11-07,Rockies,• Jairo Diaz (Jose),activated from 60-day DL
2016-11-07,Rockies,• Scott Oberg,activated from 60-day DL
2017-06-01,Nationals,• Jose Marmolejos,activated from 60-day DL
2017-06-01,Royals,• Hunter Dozier,activated from 60-day DL
2017-06-05,Yankees,• Tyler Austin,activated from 60-day DL
2017-06-07,Dodgers,• Brock Stewart,activated from 60-day DL
2017-06-10,Diamondbacks,• Socrates Brito,activated from 60-day DL
2017-06-10,Padres,• Carter Capps,activated from 60-day DL
2017-06-11,Mets,• Seth Lugo,activated from 60-day DL
2017-06-16,Rangers,• Tyson Ross,activated from 60-day DL
2017-06-22,Angels,• Huston Street,activated from 60-day DL
2017-06-24,Rays,• Wilson Ramos,activated from 60-day DL
2017-06-24,Reds,• Homer Bailey,activated from 60-day DL
2017-06-26,Reds,• Brandon Finnegan,activated from 60-day DL
2017-06-26,Royals,• Brian Flynn,activated from 60-day DL
2017-06-27,White Sox,• Carlos Rodon,activated from 60-day DL
2017-06-29,Blue Jays,• Glenn Sparkman,activated from 60-day DL
2017-06-29,Rays,• Brad Boxberger,activated from 60-day DL
2017-07-01,Nationals,• Sammy Solis,activated from 60-day DL
2017-07-05,Orioles,• Zack Britton (Grant),activated from 60-day DL
2017-07-06,Athletics,• Marcus Semien,activated from 60-day DL
2017-07-06,Braves,• Chaz Roe,activated from 60-day DL
2017-07-10,Braves,• Micah Johnson,activated from 60-day DL
2017-07-15,Giants,• Madison Bumgarner,activated from 60-day DL
2017-07-16,Red Sox,• Brock Holt,activated from 60-day DL
2017-07-17,Braves,• Sean Rodriguez,activated from 60-day DL
2017-07-18,Marlins,• Miguel Rojas (Elias),activated from 60-day DL
2017-07-19,Rockies,• David Dahl,activated from 60-day DL
2017-07-21,Cardinals,• Zach Duke,activated from 60-day DL
2017-07-22,Astros,• Collin McHugh,activated from 60-day DL
2017-07-22,Padres,• Buddy Baumann,activated from 60-day DL
2017-07-25,Athletics,• Chris Bassitt,activated from 60-day DL
2017-07-26,Cubs,• Brett Anderson (Franklin),activated from 60-day DL
2017-07-26,Rays,• Diego Moreno,activated from 60-day DL
2017-08-02,Mariners,• Evan Marshall,activated from 60-day DL
2017-08-03,Giants,• Jarrett Parker,activated from 60-day DL
2017-08-03,Rangers,• A.J. Griffin,activated from 60-day DL
2017-08-04,Mariners,• Shawn O'Malley,activated from 60-day DL
2017-08-04,Padres,• Travis Jankowski,activated from 60-day DL
2017-08-04,Rockies,• Chad Bettis,activated from 60-day DL
2017-08-05,Angels,• Tyler Skaggs,activated from 60-day DL
2017-08-12,Angels,• Andrew Bailey,activated from 60-day DL
2017-08-15,Dodgers,• Rob Segedin,activated from 60-day DL
2017-08-16,Orioles,• Anthony Santander,activated from 60-day DL
2017-08-16,Padres,• Jered Weaver,activated from 60-day DL
2017-08-17,Orioles,• Ryan Flaherty,activated from 60-day DL
2017-08-17,Red Sox,• Roenis Elias,activated from 60-day DL
2017-08-17,Twins,• Glen Perkins,activated from 60-day DL
2017-08-18,Angels,• Andrew Heaney,activated from 60-day DL
2017-08-18,Dodgers,• Adrian Gonzalez,activated from 60-day DL
2017-08-18,Rays,• Kevin Kiermaier,activated from 60-day DL
2017-08-19,Mets,• Tommy Milone,activated from 60-day DL
2017-08-21,Braves,• Dan Winkler,activated from 60-day DL
2017-08-22,Royals,• Paulo Orlando,activated from 60-day DL
2017-08-25,Mets,• Jeurys Familia,activated from 60-day DL
2017-08-26,Reds,• Nefi Ogando,activated from 60-day DL
2017-08-26,Yankees,• Greg Bird,activated from 60-day DL
2017-08-28,Nationals,• Jayson Werth,activated from 60-day DL
2017-08-28,Rays,• Matt Andriese,activated from 60-day DL
2017-08-29,Nationals,• Trea Turner,activated from 60-day DL
2017-08-29,Padres,• Miguel Diaz (Angel),activated from 60-day DL
2017-09-01,Athletics,• Jake Smolinski,activated from 60-day DL
2017-09-01,Dodgers,• Andre Ethier,activated from 60-day DL
2017-09-01,Mariners,• Shae Simmons,activated from 60-day DL
2017-09-01,Phillies,• Casey Fien,activated from 60-day DL
2017-09-01,Rangers,• Jake Diekman,activated from 60-day DL
2017-09-05,Angels,• Garrett Richards,activated from 60-day DL
2017-09-05,Mariners,• Evan Scribner,activated from 60-day DL
2017-09-05,Red Sox,• Carson Smith,activated from 60-day DL
2017-09-08,Orioles,• J.J. Hardy,activated from 60-day DL
2017-09-10,Rockies,• Tyler Anderson (John),activated from 60-day DL
2017-09-11,Mariners,• Ryan Weber,activated from 60-day DL
2017-09-21,Rays,• Xavier Cedeno,activated from 60-day DL
2017-09-22,Dodgers,• Brandon McCarthy,activated from 60-day DL
2017-09-23,Mets,• Noah Syndergaard,activated from 60-day DL
2017-09-30,Nationals,• Stephen Drew,activated from 60-day DL
2017-10-04,Rangers,• Prince Fielder,activated from 60-day DL
2017-10-04,Reds,• Nick Travieso,activated from 60-day DL
2017-10-07,Rays,• Kevin Gadea,activated from 60-day DL
2017-10-16,Diamondbacks,• Steve Hathaway,activated from 60-day DL
2017-10-20,Braves,• Armando Rivero,activated from 60-day DL
2017-10-30,Padres,• Christian Friedrich,activated from 60-day DL
2017-10-30,Padres,• Jarred Cosart,activated from 60-day DL
2017-11-01,Blue Jays,• Bo Schultz,activated from 60-day DL
2017-11-01,Blue Jays,• Cesar Valdez (Miguel),activated from 60-day DL
2017-11-01,Blue Jays,• Darrell Ceciliani,activated from 60-day DL
2017-11-02,Angels,• Andrew Bailey,activated from 60-day DL
2017-11-02,Angels,• Huston Street,activated from 60-day DL
2017-11-02,Blue Jays,• Aaron Sanchez,activated from 60-day DL
2017-11-02,Blue Jays,• Dalton Pompey,activated from 60-day DL
2017-11-02,Blue Jays,• Devon Travis,activated from 60-day DL
2017-11-02,Blue Jays,• Troy Tulowitzki,activated from 60-day DL
2017-11-02,Dodgers,• Franklin Gutierrez,activated from 60-day DL
2017-11-02,Dodgers,• O'Koyea Dickson,activated from 60-day DL
2017-11-02,Giants,• Michael Morse,activated from 60-day DL
2017-11-02,Mariners,• David Phelps,activated from 60-day DL
2017-11-02,Mariners,• Hisashi Iwakuma,activated from 60-day DL
2017-11-02,Mariners,• Drew Smyly,activated from 60-day DL
2017-11-02,Nationals,• Ryan Raburn,activated from 60-day DL
2017-11-02,Phillies,• Clay Buchholz,activated from 60-day DL
2017-11-02,Phillies,• Daniel Nava,activated from 60-day DL
2017-11-02,Phillies,• Jesen Therrien,activated from 60-day DL
2017-11-02,Phillies,• Pedro Florimon Jr.,activated from 60-day DL
2017-11-02,Rays,• Matt Duffy (Michael),activated from 60-day DL
2017-11-02,Rays,• Nathan Eovaldi,activated from 60-day DL
2017-11-02,Rays,• Shawn Tolleson,activated from 60-day DL
2017-11-02,Rays,• Taylor Guerrieri,activated from 60-day DL
2017-11-02,Red Sox,• Josh Rutledge,activated from 60-day DL
2017-11-02,Red Sox,• Marco Hernandez (Antonio),activated from 60-day DL
2017-11-02,Red Sox,• Robbie Ross Jr.,activated from 60-day DL
2017-11-02,Red Sox,• Steven Wright,activated from 60-day DL
2017-11-02,Red Sox,• Tyler Thornburg,activated from 60-day DL
2017-11-02,Reds,• Bronson Arroyo,activated from 60-day DL
2017-11-02,Reds,• Drew Storen,activated from 60-day DL
2017-11-02,Reds,• Scott Feldman,activated from 60-day DL
2017-11-02,Royals,• Brian Flynn,activated from 60-day DL
2017-11-02,Royals,• Bubba Starling,activated from 60-day DL
2017-11-02,Royals,• Miguel Almonte (Emilio),activated from 60-day DL
2017-11-02,Royals,• Nate Karns,activated from 60-day DL
2017-11-02,Twins,• Hector Santiago (Felipe),activated from 60-day DL
2017-11-02,White Sox,• Charlie Tilson,activated from 60-day DL
2017-11-02,White Sox,• Geovany Soto,activated from 60-day DL
2017-11-02,White Sox,• Zach Putnam,activated from 60-day DL
2017-11-02,Yankees,• Michael Pineda,activated from 60-day DL
2017-11-03,Braves,• Danny Santana,activated from 60-day DL
2017-11-03,Braves,• Jacob Lindgren,activated from 60-day DL
2017-11-03,Diamondbacks,• Chris Owings,activated from 60-day DL
2017-11-03,Diamondbacks,• Nick Ahmed,activated from 60-day DL
2017-11-03,Diamondbacks,• Randall Delgado,activated from 60-day DL
2017-11-03,Diamondbacks,• Shelby Miller,activated from 60-day DL
2017-11-03,Diamondbacks,• Yasmany Tomas,activated from 60-day DL
2017-11-03,Giants,• Brandon Belt,activated from 60-day DL
2017-11-03,Giants,• Will Smith (Michael),activated from 60-day DL
2017-11-03,Mets,• David Wright (Allen),activated from 60-day DL
2017-11-03,Mets,• Steven Matz,activated from 60-day DL
2017-11-03,Mets,• Zack Wheeler,activated from 60-day DL
2017-11-03,Nationals,• Adam Eaton (Cory),activated from 60-day DL
2017-11-03,Nationals,• Erick Fedde,activated from 60-day DL
2017-11-03,Nationals,• Joe Ross (Andrew),activated from 60-day DL
2017-11-03,Nationals,• Koda Glover,activated from 60-day DL
2017-11-03,Nationals,• Shawn Kelley,activated from 60-day DL
2017-11-03,Reds,• Anthony DeSclafani,activated from 60-day DL
2017-11-03,Reds,• Brandon Finnegan,activated from 60-day DL
2017-11-03,Rockies,• Jairo Diaz (Jose),activated from 60-day DL
2017-11-03,Tigers,• Victor Martinez (Jesus),activated from 60-day DL
2017-11-03,Yankees,• Luis Cessa,activated from 60-day DL
2017-11-06,Angels,• Alex Meyer,activated from 60-day DL
2017-11-06,Angels,• Matt Shoemaker,activated from 60-day DL
2017-11-06,Angels,• Nick Tropeano,activated from 60-day DL
2017-11-06,Astros,• Brady Rodgers,activated from 60-day DL
2017-11-06,Astros,• David Paulino,activated from 60-day DL
2017-11-06,Astros,• Jandel Gustave,activated from 60-day DL
2017-11-06,Athletics,• Andrew Triggs,activated from 60-day DL
2017-11-06,Athletics,• Bobby Wahl,activated from 60-day DL
2017-11-06,Athletics,• Dustin Fowler,activated from 60-day DL
2017-11-06,Athletics,• Paul Blackburn,activated from 60-day DL
2017-11-06,Cardinals,• Alex Reyes,activated from 60-day DL
2017-11-06,Cardinals,• Trevor Rosenthal,activated from 60-day DL
2017-11-06,Dodgers,• Adam Liberatore,activated from 60-day DL
2017-11-06,Dodgers,• Andrew Toles,activated from 60-day DL
2017-11-06,Dodgers,• Grant Dayton,activated from 60-day DL
2017-11-06,Dodgers,• Josh Ravin,activated from 60-day DL
2017-11-06,Dodgers,• Scott Kazmir,activated from 60-day DL
2017-11-06,Dodgers,• Yimi Garcia,activated from 60-day DL
2017-11-06,Indians,• Boone Logan,activated from 60-day DL
2017-11-06,Indians,• Cody Anderson,activated from 60-day DL
2017-11-06,Indians,• Dylan Baker,activated from 60-day DL
2017-11-06,Padres,• Alex Dickerson,activated from 60-day DL
2017-11-06,Padres,• Carter Capps,activated from 60-day DL
2017-11-06,Padres,• Colin Rea,activated from 60-day DL
2017-11-06,Padres,• Matt Strahm,activated from 60-day DL
2017-11-06,Padres,• Robbie Erlin,activated from 60-day DL
2017-11-06,Phillies,• Jerad Eickhoff,activated from 60-day DL
2017-11-06,Phillies,• Vince Velasquez,activated from 60-day DL
2017-11-06,Phillies,• Zach Eflin,activated from 60-day DL
2017-11-06,Pirates,• Josh Harrison,activated from 60-day DL
2017-11-06,Rangers,• Alex Gonzalez,activated from 60-day DL
2017-11-06,Rangers,• Hanser Alberto,activated from 60-day DL
2017-11-06,Twins,• JT Chargois,activated from 60-day DL
2017-11-06,Twins,• Phil Hughes,activated from 60-day DL
2017-11-06,Twins,• Ryan O'Rourke,activated from 60-day DL
2017-11-06,Twins,• Trevor May,activated from 60-day DL
2018-05-29,Rangers,• Ricardo Rodriguez,activated from 60-day DL
2018-05-30,Cardinals,• Alex Reyes,activated from 60-day DL
2018-05-30,Rays,• Nathan Eovaldi,activated from 60-day DL
2018-06-01,Giants,• Mark Melancon,activated from 60-day DL
2018-06-05,Giants,• Madison Bumgarner,activated from 60-day DL
2018-06-05,Mets,• Anthony Swarzak,activated from 60-day DL
2018-06-05,Rangers,• Tim Lincecum,activated from 60-day DL
2018-06-05,Reds,• Anthony DeSclafani,activated from 60-day DL
2018-06-07,Athletics,• Paul Blackburn,activated from 60-day DL
2018-06-07,Twins,• Trevor May,activated from 60-day DL
2018-06-09,Nationals,• Adam Eaton (Cory),activated from 60-day DL
2018-06-09,White Sox,• Carlos Rodon,activated from 60-day DL
2018-06-11,Orioles,• Zack Britton (Grant),activated from 60-day DL
2018-06-15,Marlins,• Brett Graves,activated from 60-day DL
2018-06-18,Rangers,• Elvis Andrus,activated from 60-day DL
2018-06-19,Rays,• Kevin Kiermaier,activated from 60-day DL
2018-06-21,Orioles,• Colby Rasmus,activated from 60-day DL
2018-06-21,Padres,• Colin Rea,activated from 60-day DL
2018-06-25,Diamondbacks,• Shelby Miller,activated from 60-day DL
2018-06-25,Orioles,• Tim Beckham,activated from 60-day DL
2018-07-01,Padres,• Allen Cordoba,activated from 60-day DL
2018-07-05,Giants,• Johnny Cueto,activated from 60-day DL
2018-07-06,Diamondbacks,• Randall Delgado,activated from 60-day DL
2018-07-06,Marlins,• Garrett Cooper,activated from 60-day DL
2018-07-06,Orioles,• Luis Sardinas,activated from 60-day DL
2018-07-11,Dodgers,• Zac Rosscup,activated from 60-day DL
2018-07-12,Brewers,• Wade Miley,activated from 60-day DL
2018-07-13,Indians,• Ryan Merritt,activated from 60-day DL
2018-07-14,Rangers,• Martin Perez,activated from 60-day DL
2018-07-15,Rockies,• Carlos Estevez,activated from 60-day DL
2018-07-16,Rangers,• Joe Palumbo,activated from 60-day DL
2018-07-20,Nationals,• Ryan Zimmerman (Wallace),activated from 60-day DL
2018-07-22,Nationals,• Koda Glover,activated from 60-day DL
2018-07-24,Cubs,• Eddie Butler,activated from 60-day DL
2018-07-25,Twins,• Ervin Santana,activated from 60-day DL
2018-08-01,Athletics,• Boog Powell,activated from 60-day DL
2018-08-01,Rays,• Jake Faria,activated from 60-day DL
2018-08-03,Indians,• Andrew Miller (Mark),activated from 60-day DL
2018-08-12,Royals,• Blaine Boyer,activated from 60-day DL
2018-08-15,Angels,• Rene Rivera,activated from 60-day DL
2018-08-15,Dodgers,• Hyun Jin Ryu,activated from 60-day DL
2018-08-18,Giants,• Hunter Strickland,activated from 60-day DL
2018-08-25,Blue Jays,• Aaron Sanchez,activated from 60-day DL
2018-08-25,Dodgers,• Julio Urias,activated from 60-day DL
2018-08-25,Pirates,• A.J. Schugel,activated from 60-day DL
2018-08-26,Cardinals,• Dominic Leone,activated from 60-day DL
2018-08-27,Reds,• William Davis,activated from 60-day DL
2018-08-29,Mariners,• Dan Altavilla,activated from 60-day DL
2018-08-30,Dodgers,• Josh Fields (David),activated from 60-day DL
2018-09-01,Indians,• Josh Donaldson,activated from 60-day DL
2018-09-01,Phillies,• Pedro Florimon Jr.,activated from 60-day DL
2018-09-01,Pirates,• Nick Burdi,activated from 60-day DL
2018-09-01,Tigers,• Daniel Norris,activated from 60-day DL
2018-09-02,Brewers,• Nick Franklin,activated from 60-day DL
2018-09-03,Angels,• Matt Shoemaker,activated from 60-day DL
2018-09-03,Phillies,• Jerad Eickhoff,activated from 60-day DL
2018-09-04,Nationals,• Erick Fedde,activated from 60-day DL
2018-09-04,Nationals,• Joe Ross (Andrew),activated from 60-day DL
2018-09-04,Royals,• Eric Skoglund,activated from 60-day DL
2018-09-10,Cardinals,• Adam Wainwright,activated from 60-day DL
2018-09-11,White Sox,• Nate Jones (Andrew),activated from 60-day DL
2018-09-14,Braves,• Arodys Vizcaino,activated from 60-day DL
2018-09-17,Dodgers,• Tony Cingrani,activated from 60-day DL
2018-09-25,Mets,• David Wright (Allen),activated from 60-day DL
2018-09-29,Diamondbacks,• Shelby Miller,activated from 60-day DL
2018-10-04,Pirates,• Nik Turley,activated from 60-day DL
2018-10-12,Athletics,• Jake Smolinski,activated from 60-day DL
2018-10-12,Marlins,• Chris O'Grady,activated from 60-day DL
2018-10-24,Tigers,• Artie Lewicki,activated from 60-day DL
2018-10-26,White Sox,• Danny Farquhar,activated from 60-day DL
2018-10-29,Angels,• Blake Wood (Daniel),activated from 60-day DL
2018-10-29,Angels,• Chris Young (Brandon),activated from 60-day DL
2018-10-29,Angels,• Garrett Richards,activated from 60-day DL
2018-10-29,Athletics,• Andrew Triggs,activated from 60-day DL
2018-10-29,Athletics,• Daniel Gossett,activated from 60-day DL
2018-10-29,Athletics,• Jharel Cotton,activated from 60-day DL
2018-10-29,Athletics,• Paul Blackburn,activated from 60-day DL
2018-10-29,Braves,• Brandon McCarthy,activated from 60-day DL
2018-10-29,Braves,• Peter Moylan,activated from 60-day DL
2018-10-29,Diamondbacks,• Clay Buchholz,activated from 60-day DL
2018-10-29,Dodgers,• Daniel Hudson,activated from 60-day DL
2018-10-29,Giants,• Buster Posey,activated from 60-day DL
2018-10-29,Giants,• Jeff Samardzija,activated from 60-day DL
2018-10-29,Giants,• Johnny Cueto,activated from 60-day DL
2018-10-29,Giants,• Julian Fernandez,activated from 60-day DL
2018-10-29,Giants,• Pablo Sandoval,activated from 60-day DL
2018-10-29,Indians,• Lonnie Chisenhall,activated from 60-day DL
2018-10-29,Mariners,• David Phelps,activated from 60-day DL
2018-10-29,Mets,• AJ Ramos,activated from 60-day DL
2018-10-29,Nationals,• Howie Kendrick,activated from 60-day DL
2018-10-29,Nationals,• Joaquin Benoit,activated from 60-day DL
2018-10-29,Rangers,• Tony Barnette,activated from 60-day DL
2018-10-29,Tigers,• (Jose) Miguel Cabrera,activated from 60-day DL
2018-10-29,Tigers,• John Hicks,activated from 60-day DL
2018-10-29,Tigers,• Jose Iglesias,activated from 60-day DL
2018-10-29,Tigers,• Michael Fulmer,activated from 60-day DL
2018-10-29,Twins,• Adalberto Mejia,activated from 60-day DL
2018-10-29,Twins,• Ervin Santana,activated from 60-day DL
2018-10-29,Twins,• Jason Castro,activated from 60-day DL
2018-10-29,Twins,• Logan Morrison,activated from 60-day DL
2018-10-29,Twins,• Michael Pineda,activated from 60-day DL
2018-10-29,White Sox,• Michael Kopech,activated from 60-day DL
2018-10-29,White Sox,• Miguel Gonzalez (Angel),activated from 60-day DL
2018-10-30,Diamondbacks,• Artie Lewicki,activated from 60-day DL
2018-10-30,Diamondbacks,• Christian Walker,activated from 60-day DL
2018-10-30,Diamondbacks,• Jake Lamb,activated from 60-day DL
2018-10-30,Diamondbacks,• Jarrod Dyson,activated from 60-day DL
2018-10-30,Diamondbacks,• Taijuan Walker,activated from 60-day DL
2018-10-30,Padres,• Dinelson Lamet,activated from 60-day DL
2018-10-30,Padres,• Franchy Cordero,activated from 60-day DL
2018-10-31,Braves,• Michael Reed,activated from 60-day DL
2018-10-31,Astros,• Jandel Gustave,activated from 60-day DL
2018-10-31,Athletics,• Kendall Graveman,activated from 60-day DL
2018-10-31,Braves,• Darren O'Day,activated from 60-day DL
2018-10-31,Braves,• Grant Dayton,activated from 60-day DL
2018-10-31,Braves,• Jacob Lindgren,activated from 60-day DL
2018-10-31,Braves,• Jose Ramirez (Altagracia),activated from 60-day DL
2018-10-31,Braves,• Luiz Gohara,activated from 60-day DL
2018-10-31,Braves,• Michael Soroka,activated from 60-day DL
2018-10-31,Brewers,• Stephen Vogt,activated from 60-day DL
2018-10-31,Mariners,• Juan Nicasio,activated from 60-day DL
2018-10-31,Mariners,• Sam Tuivailala,activated from 60-day DL
2018-10-31,Marlins,• Caleb Smith (Anthony),activated from 60-day DL
2018-10-31,Marlins,• Garrett Cooper,activated from 60-day DL
2018-10-31,Marlins,• Martin Prado,activated from 60-day DL
2018-10-31,Marlins,• Pablo Lopez (Jose),activated from 60-day DL
2018-10-31,Orioles,• Gabriel Ynoa,activated from 60-day DL
2018-10-31,Royals,• Nate Karns,activated from 60-day DL
2018-11-01,Red Sox,• Carson Smith,activated from 60-day DL
2018-11-01,Angels,• John Lamb (Michael),activated from 60-day DL
2018-11-01,Brewers,• Brent Suter,activated from 60-day DL
2018-11-01,Brewers,• Jimmy Nelson,activated from 60-day DL
2018-11-01,Cardinals,• Alex Reyes,activated from 60-day DL
2018-11-01,Cardinals,• Dexter Fowler,activated from 60-day DL
2018-11-01,Cardinals,• Luke Gregerson,activated from 60-day DL
2018-11-01,Cardinals,• Michael Wacha,activated from 60-day DL
2018-11-01,Indians,• Cody Anderson,activated from 60-day DL
2018-11-01,Indians,• Danny Salazar,activated from 60-day DL
2018-11-01,Indians,• James Hoyt,activated from 60-day DL
2018-11-01,Indians,• Leonys Martin,activated from 60-day DL
2018-11-01,Indians,• Nick Goody,activated from 60-day DL
2018-11-01,Indians,• Tyler Naquin,activated from 60-day DL
2018-11-01,Nationals,• Jhonatan Solano,activated from 60-day DL
2018-11-01,Red Sox,• Austin Maddox,activated from 60-day DL
2018-11-01,Red Sox,• Dustin Pedroia,activated from 60-day DL
2018-11-01,Red Sox,• Marco Hernandez (Antonio),activated from 60-day DL
2018-11-01,Yankees,• Ben Heller,activated from 60-day DL
2018-11-01,Yankees,• Clint Frazier,activated from 60-day DL
2018-11-01,Yankees,• Jacoby Ellsbury,activated from 60-day DL
2018-11-01,Yankees,• Jordan Montgomery,activated from 60-day DL
2018-11-02,Angels,• Albert Pujols,activated from 60-day DL
2018-11-02,Angels,• Alex Meyer,activated from 60-day DL
2018-11-02,Angels,• Jake Jewell,activated from 60-day DL
2018-11-02,Angels,• Keynan Middleton,activated from 60-day DL
2018-11-02,Angels,• Nick Tropeano,activated from 60-day DL
2018-11-02,Angels,• Zack Cozart,activated from 60-day DL
2018-11-02,Blue Jays,• Brandon Drury,activated from 60-day DL
2018-11-02,Blue Jays,• Rhiner Cruz,activated from 60-day DL
2018-11-02,Blue Jays,• Troy Tulowitzki,activated from 60-day DL
2018-11-02,Cubs,• Brandon Morrow,activated from 60-day DL
2018-11-02,Cubs,• Justin Hancock,activated from 60-day DL
2018-11-02,Cubs,• Mark Zagunis,activated from 60-day DL
2018-11-02,Cubs,• Drew Smyly,activated from 60-day DL
2018-11-02,Cubs,• Yu Darvish,activated from 60-day DL
2018-11-02,Diamondbacks,• Daniel Robertson (Roger),activated from 60-day DL
2018-11-02,Dodgers,• Brock Stewart,activated from 60-day DL
2018-11-02,Dodgers,• Corey Seager,activated from 60-day DL
2018-11-02,Dodgers,• Dennis Santana,activated from 60-day DL
2018-11-02,Dodgers,• Erik Goeddel,activated from 60-day DL
2018-11-02,Dodgers,• Tom Koehler,activated from 60-day DL
2018-11-02,Mets,• Bobby Wahl,activated from 60-day DL
2018-11-02,Mets,• Eric Hanhold,activated from 60-day DL
2018-11-02,Mets,• Juan Lagares,activated from 60-day DL
2018-11-02,Mets,• Phillip Evans,activated from 60-day DL
2018-11-02,Mets,• Rafael Montero,activated from 60-day DL
2018-11-02,Mets,• T.J. Rivera,activated from 60-day DL
2018-11-02,Mets,• Travis d'Arnaud,activated from 60-day DL
2018-11-02,Mets,• Yoenis Cespedes,activated from 60-day DL
2018-11-02,Orioles,• Austin Hays,activated from 60-day DL
2018-11-02,Orioles,• Mark Trumbo,activated from 60-day DL
2018-11-02,Orioles,• Pedro Araujo,activated from 60-day DL
2018-11-02,Orioles,• Richard Bleier,activated from 60-day DL
2018-11-02,Padres,• Alex Dickerson,activated from 60-day DL
2018-11-02,Padres,• Clayton Richard,activated from 60-day DL
2018-11-02,Pirates,• Chad Kuhl,activated from 60-day DL
2018-11-02,Rangers,• Clayton Blackburn,activated from 60-day DL
2018-11-02,Rangers,• Doug Fister,activated from 60-day DL
2018-11-02,Rangers,• Matt Bush,activated from 60-day DL
2018-11-02,Rangers,• Nick Gardewine,activated from 60-day DL
2018-11-02,Rangers,• Ronald Herrera,activated from 60-day DL
2018-11-02,Rays,• Jose De Leon (Eugenio),activated from 60-day DL
2018-11-02,Rays,• Jose Mujica (Angel),activated from 60-day DL
2018-11-02,Rays,• Wilmer Font,activated from 60-day DL
2018-11-02,Reds,• Alex Blandino,activated from 60-day DL
2018-11-02,Reds,• Jesse Winker,activated from 60-day DL
2018-11-02,Reds,• Keury Mella,activated from 60-day DL
2018-11-02,Rockies,• Mike Dunn (Glen),activated from 60-day DL
2018-11-02,Rockies,• Rayan Gonzalez (b. 1990-10-18),activated from 60-day DL
2018-11-02,Rockies,• Yonathan Daza,activated from 60-day DL
2018-11-02,Royals,• Cheslor Cuthbert,activated from 60-day DL
2018-11-02,Royals,• Jesse Hahn,activated from 60-day DL
2018-11-02,Royals,• Jorge Soler,activated from 60-day DL
2018-11-02,Rangers,• Drew Smyly,activated from 60-day DL
2019-05-25,Mariners,• Kyle Seager,activated from 60-day IL
2019-06-03,Angels,• Michael Hermosillo,activated from 60-day IL
2019-06-05,Mariners,• Gerson Bautista,activated from 60-day IL
2019-06-05,Padres,• Miguel Diaz (Angel),activated from 60-day IL
2019-06-07,Yankees,• Didi Gregorius,activated from 60-day IL
2019-06-08,Pirates,• Corey Dickerson,activated from 60-day IL
2019-06-17,Angels,• Justin Upton,activated from 60-day IL
2019-06-17,Blue Jays,• David Phelps,activated from 60-day IL
2019-06-17,Indians,• Mike Clevinger,activated from 60-day IL
2019-06-23,Marlins,• Riley Ferrell,activated from 60-day IL
2019-06-23,Cubs,• Tony Barnette,activated from 60-day IL
2019-06-23,Astros,• Riley Ferrell,activated from 60-day IL
2019-06-24,White Sox,• Jon Jay,activated from 60-day IL
2019-06-28,Phillies,• Tommy Hunter,activated from 60-day IL
2019-06-28,Reds,• Scooter Gennett,activated from 60-day IL
2019-07-01,Athletics,• Chris Herrmann,activated from 60-day IL
2019-07-02,Twins,• Adalberto Mejia,activated from 60-day IL
2019-07-03,Rangers,• Scott Heineman,activated from 60-day IL
2019-07-03,Rays,• Jose De Leon (Eugenio),activated from 60-day IL
2019-07-04,Padres,• Dinelson Lamet,activated from 60-day IL
2019-07-12,Astros,• Joe Smith (Michael),activated from 60-day IL
2019-07-12,Dodgers,• AJ Pollock,activated from 60-day IL
2019-07-15,Rays,• Anthony Bemboom,activated from 60-day IL
2019-07-15,Mariners,• Sam Tuivailala,activated from 60-day IL
2019-07-17,Rockies,• Harrison Musgrave,activated from 60-day IL
2019-07-20,Red Sox,• Nathan Eovaldi,activated from 60-day IL
2019-07-22,Blue Jays,• Ryan Borucki,activated from 60-day IL
2019-07-22,Padres,• Travis Jankowski,activated from 60-day IL
2019-07-22,Pirates,• Keone Kela,activated from 60-day IL
2019-07-23,Blue Jays,• Dalton Pompey,activated from 60-day IL
2019-07-23,Cardinals,• Mike Mayers,activated from 60-day IL
2019-07-23,Rays,• Matt Duffy (Michael),activated from 60-day IL
2019-07-25,Yankees,• Troy Tulowitzki,activated from 60-day IL
2019-07-26,Astros,• Carlos Correa,activated from 60-day IL
2019-07-26,Orioles,• Nate Karns,activated from 60-day IL
2019-07-28,Giants,• Nick Vincent,activated from 60-day IL
2019-07-28,Mariners,• Hunter Strickland,activated from 60-day IL
2019-07-28,Reds,• Alex Wood,activated from 60-day IL
2019-07-29,Athletics,• Jharel Cotton,activated from 60-day IL
2019-07-29,Nationals,• Justin Miller (Ryan),activated from 60-day IL
2019-07-31,Indians,• Danny Salazar,activated from 60-day IL
2019-08-02,Pirates,• Erik Gonzalez,activated from 60-day IL
2019-08-07,Diamondbacks,• Blake Swihart,activated from 60-day IL
2019-08-08,Padres,• Jose Castillo (Gregorio),activated from 60-day IL
2019-08-09,Giants,• Travis Bergen,activated from 60-day IL
2019-08-09,Tigers,• Josh Harrison,activated from 60-day IL
2019-08-13,Pirates,• William Davis,activated from 60-day IL
2019-08-13,Yankees,• Jonathan Loaisiga,activated from 60-day IL
2019-08-18,Dodgers,• Jedd Gyorko,activated from 60-day IL
2019-08-18,Dodgers,• Tony Gonsolin,activated from 60-day IL
2019-08-20,Athletics,• Marco Estrada,activated from 60-day IL
2019-08-20,Phillies,• Jerad Eickhoff,activated from 60-day IL
2019-08-22,Pirates,• Francisco Cervelli,activated from 60-day IL
2019-08-23,Rangers,• Luke Farrell,activated from 60-day IL
2019-08-23,Rays,• Anthony Banda,activated from 60-day IL
2019-08-24,Mariners,• Felix Hernandez,activated from 60-day IL
2019-08-24,Tigers,• Grayson Greiner,activated from 60-day IL
2019-08-25,Blue Jays,• Clay Buchholz,activated from 60-day IL
2019-08-26,Rangers,• Yohander Mendez,activated from 60-day IL
2019-08-27,Angels,• Keynan Middleton,activated from 60-day IL
2019-08-30,Indians,• Bradley Zimmer,activated from 60-day IL
2019-09-01,Athletics,• Sean Manaea,activated from 60-day IL
2019-09-01,Blue Jays,• (Dennis) Ryan Tepera,activated from 60-day IL
2019-09-01,Brewers,• Brent Suter,activated from 60-day IL
2019-09-01,Brewers,• Jimmy Nelson,activated from 60-day IL
2019-09-01,Indians,• Carlos Carrasco,activated from 60-day IL
2019-09-01,Indians,• Dan Otero,activated from 60-day IL
2019-09-01,Marlins,• Jose Urena (Miguel),activated from 60-day IL
2019-09-01,Mets,• Brandon Nimmo,activated from 60-day IL
2019-09-01,Nationals,• Jeremy Hellickson,activated from 60-day IL
2019-09-01,Rangers,• Edinson Volquez,activated from 60-day IL
2019-09-01,Rangers,• Jeffrey Springs,activated from 60-day IL
2019-09-01,White Sox,• Manny Banuelos,activated from 60-day IL
2019-09-02,Orioles,• Mark Trumbo,activated from 60-day IL
2019-09-03,Royals,• Jesse Hahn,activated from 60-day IL
2019-09-05,Braves,• Darren O'Day,activated from 60-day IL
2019-09-06,Indians,• Jefry Rodriguez,activated from 60-day IL
2019-09-07,Mets,• Jed Lowrie,activated from 60-day IL
2019-09-08,Rays,• Tyler Glasnow,activated from 60-day IL
2019-09-10,Giants,• Johnny Cueto,activated from 60-day IL
2019-09-10,Yankees,• Ben Heller,activated from 60-day IL
2019-09-12,Blue Jays,• Elvis Luciano,activated from 60-day IL
2019-09-12,Braves,• Grant Dayton,activated from 60-day IL
2019-09-12,Dodgers,• Rich Hill (Joseph),activated from 60-day IL
2019-09-15,Yankees,• Dellin Betances,activated from 60-day IL
2019-09-15,Yankees,• Jordan Montgomery,activated from 60-day IL
2019-09-16,Padres,• Garrett Richards,activated from 60-day IL
2019-09-17,Phillies,• Edubray Ramos,activated from 60-day IL
2019-09-17,Yankees,• Luis Severino,activated from 60-day IL
2019-09-18,Yankees,• Giancarlo Stanton,activated from 60-day IL
2019-09-21,Diamondbacks,• Luke Weaver,activated from 60-day IL
2019-09-22,Rays,• Brandon Lowe (Norman),activated from 60-day IL
2019-09-26,Mets,• Dominic Smith,activated from 60-day IL
2019-09-28,Yankees,• David Hale,activated from 60-day IL
2019-09-29,Diamondbacks,• Taijuan Walker,activated from 60-day IL
2019-09-29,Rays,• Yandy Diaz,activated from 60-day IL
2019-10-12,Yankees,• Aaron Hicks,activated from 60-day IL
2019-10-18,Red Sox,• Steven Wright,activated from 60-day IL
2019-10-19,Marlins,• Julian Fernandez,activated from 60-day IL
2019-10-21,Nationals,• Spencer Kieboom,activated from 60-day IL
2019-10-24,Tigers,• Blaine Hardy,activated from 60-day IL
2019-10-24,Tigers,• Daniel Stumpf,activated from 60-day IL
2019-10-28,Mariners,• Connor Sadzeck,activated from 60-day IL
2019-10-28,Mariners,• Ryon Healy,activated from 60-day IL
2019-10-29,Royals,• Trevor Oaks,activated from 60-day IL
2019-10-30,Padres,• Robert Stock,activated from 60-day IL
2019-10-30,Rockies,• Tyler Anderson (John),activated from 60-day IL
2019-10-30,Orioles,• Josh Rogers,activated from 60-day IL
2019-10-30,Padres,• Brett Kennedy,activated from 60-day IL
2019-10-30,Rockies,• Chad Bettis,activated from 60-day IL
2019-10-31,Athletics,• Daniel Gossett,activated from 60-day IL
2019-10-31,Athletics,• Luis Barrera,activated from 60-day IL
2019-10-31,Cardinals,• Tony Cingrani,activated from 60-day IL
2019-10-31,Cubs,• Xavier Cedeno,activated from 60-day IL
2019-10-31,Giants,• Pablo Sandoval,activated from 60-day IL
2019-10-31,Mariners,• Arodys Vizcaino,activated from 60-day IL
2019-10-31,Nationals,• Jonny Venters,activated from 60-day IL
2019-10-31,Padres,• Aaron Loup,activated from 60-day IL
2019-10-31,Padres,• Adam Warren,activated from 60-day IL
2019-10-31,Phillies,• Corey Dickerson,activated from 60-day IL
2019-10-31,Phillies,• Pat Neshek,activated from 60-day IL
2019-10-31,Phillies,• Tommy Hunter,activated from 60-day IL
2019-10-31,Pirates,• Lonnie Chisenhall,activated from 60-day IL
2019-10-31,Rangers,• Jesse Biddle,activated from 60-day IL
2019-10-31,Rangers,• Nate Jones (Andrew),activated from 60-day IL
2019-10-31,Rays,• Hoby Milner,activated from 60-day IL
2019-10-31,Red Sox,• Chris Sale,activated from 60-day IL
2019-10-31,Red Sox,• Dustin Pedroia,activated from 60-day IL
2019-10-31,Red Sox,• Steve Pearce,activated from 60-day IL
2019-10-31,Tigers,• JaCoby Jones,activated from 60-day IL
2019-10-31,Tigers,• Matt Moore,activated from 60-day IL
2019-10-31,Tigers,• Michael Fulmer,activated from 60-day IL
2019-10-31,Tigers,• Tyson Ross,activated from 60-day IL
2019-10-31,White Sox,• Carlos Rodon,activated from 60-day IL
2019-10-31,White Sox,• Jon Jay,activated from 60-day IL
2019-10-31,White Sox,• Michael Kopech,activated from 60-day IL
2019-10-31,White Sox,• Ryan Burr (Matthew),activated from 60-day IL
2019-10-31,Yankees,• Dellin Betances,activated from 60-day IL
2019-11-01,Cardinals,• Brett Cecil,activated from 60-day IL
2019-11-01,Cardinals,• Jordan Hicks,activated from 60-day IL
2019-11-01,Cardinals,• Lane Thomas,activated from 60-day IL
2019-11-01,Marlins,• Brian Anderson (Wade),activated from 60-day IL
2019-11-01,Marlins,• Chad Wallach,activated from 60-day IL
2019-11-01,Marlins,• Drew Steckenrider,activated from 60-day IL
2019-11-01,Marlins,• JT Riddle,activated from 60-day IL
2019-11-04,Angels,• Felix Pena,activated from 60-day IL
2019-11-04,Angels,• Griffin Canning,activated from 60-day IL
2019-11-04,Angels,• Luis Rengifo,activated from 60-day IL
2019-11-04,Angels,• Zack Cozart,activated from 60-day IL
2019-11-04,Astros,• Lance McCullers Jr.,activated from 60-day IL
2019-11-04,Blue Jays,• Devon Travis,activated from 60-day IL
2019-11-04,Blue Jays,• Lourdes Gurriel Jr.,activated from 60-day IL
2019-11-04,Blue Jays,• Matt Shoemaker,activated from 60-day IL
2019-11-04,Blue Jays,• Ryan Borucki,activated from 60-day IL
2019-11-04,Blue Jays,• Tim Mayza,activated from 60-day IL
2019-11-04,Braves,• A.J. Minter,activated from 60-day IL
2019-11-04,Braves,• Alex Jackson,activated from 60-day IL
2019-11-04,Braves,• Charlie Culberson (Edward) (b. 1989-04-10),activated from 60-day IL
2019-11-04,Braves,• Jacob Webb (Lawrence),activated from 60-day IL
2019-11-04,Brewers,• Bobby Wahl,activated from 60-day IL
2019-11-04,Brewers,• Corey Knebel,activated from 60-day IL
2019-11-04,Cubs,• Allen Webster,activated from 60-day IL
2019-11-04,Cubs,• Brandon Morrow,activated from 60-day IL
2019-11-04,Cubs,• Kendall Graveman,activated from 60-day IL
2019-11-04,Diamondbacks,• David Peralta,activated from 60-day IL
2019-11-04,Diamondbacks,• Silvino Bracho,activated from 60-day IL
2019-11-04,Diamondbacks,• Steven Souza Jr.,activated from 60-day IL
2019-11-04,Dodgers,• Scott Alexander,activated from 60-day IL
2019-11-04,Dodgers,• Tyler White,activated from 60-day IL
2019-11-04,Giants,• Reyes Moronta,activated from 60-day IL
2019-11-04,Giants,• Steven Duggar,activated from 60-day IL
2019-11-04,Giants,• Tony Watson,activated from 60-day IL
2019-11-04,Giants,• Trevor Gott,activated from 60-day IL
2019-11-04,Giants,• Tyler Anderson (John),activated from 60-day IL
2019-11-04,Giants,• Zach Green (C.),activated from 60-day IL
2019-11-04,Indians,• A.J. Cole,activated from 60-day IL
2019-11-04,Indians,• Christian Arroyo,activated from 60-day IL
2019-11-04,Indians,• Cody Anderson,activated from 60-day IL
2019-11-04,Indians,• Corey Kluber,activated from 60-day IL
2019-11-04,Indians,• Danny Salazar,activated from 60-day IL
2019-11-04,Indians,• Tyler Naquin,activated from 60-day IL
2019-11-04,Indians,• Tyler Olson,activated from 60-day IL
2019-11-04,Mets,• Drew Smith (David),activated from 60-day IL
2019-11-04,Mets,• Jacob Rhame,activated from 60-day IL
2019-11-04,Mets,• Jeff McNeil,activated from 60-day IL
2019-11-04,Mets,• Yoenis Cespedes,activated from 60-day IL
2019-11-04,Nationals,• Austen Williams,activated from 60-day IL
2019-11-04,Nationals,• Koda Glover,activated from 60-day IL
2019-11-04,Orioles,• Alex Cobb,activated from 60-day IL
2019-11-04,Padres,• Adrian Morejon,activated from 60-day IL
2019-11-04,Padres,• Fernando Tatis Jr.,activated from 60-day IL
2019-11-04,Padres,• Franchy Cordero,activated from 60-day IL
2019-11-04,Padres,• Ian Kinsler,activated from 60-day IL
2019-11-04,Padres,• Jacob Nix,activated from 60-day IL
2019-11-04,Padres,• Jose Castillo (Gregorio),activated from 60-day IL
2019-11-04,Padres,• Miguel Diaz (Angel),activated from 60-day IL
2019-11-04,Phillies,• Adam Morgan,activated from 60-day IL
2019-11-04,Phillies,• Andrew McCutchen,activated from 60-day IL
2019-11-04,Phillies,• David Robertson,activated from 60-day IL
2019-11-04,Phillies,• Jake Arrieta,activated from 60-day IL
2019-11-04,Phillies,• Jerad Eickhoff,activated from 60-day IL
2019-11-04,Phillies,• Robert Stock,activated from 60-day IL
2019-11-04,Phillies,• Seranthony Dominguez,activated from 60-day IL
2019-11-04,Phillies,• Victor Arano,activated from 60-day IL
2019-11-04,Pirates,• Chad Kuhl,activated from 60-day IL
2019-11-04,Pirates,• Chris Archer,activated from 60-day IL
2019-11-04,Pirates,• Edgar Santana,activated from 60-day IL
2019-11-04,Pirates,• Gregory Polanco,activated from 60-day IL
2019-11-04,Pirates,• Jameson Taillon,activated from 60-day IL
2019-11-04,Pirates,• Jason Martin (b. 1995-09-05),activated from 60-day IL
2019-11-04,Pirates,• Kyle Crick,activated from 60-day IL
2019-11-04,Pirates,• Nick Burdi,activated from 60-day IL
2019-11-04,Rangers,• Jesse Chavez,activated from 60-day IL
2019-11-04,Rangers,• Joey Gallo,activated from 60-day IL
2019-11-04,Rangers,• Taylor Hearn,activated from 60-day IL
2019-11-04,Rays,• Jose Alvarado (a),activated from 60-day IL
2019-11-04,Rockies,• Brendan Rodgers,activated from 60-day IL
2019-11-04,Rockies,• Jon Gray,activated from 60-day IL
2019-11-04,Rockies,• Scott Oberg,activated from 60-day IL
2019-11-04,Royals,• Kelvin Gutierrez,activated from 60-day IL
2019-11-04,Royals,• Salvador Perez,activated from 60-day IL
2019-11-04,Twins,• Byron Buxton,activated from 60-day IL
2019-11-04,Twins,• Sean Poppen,activated from 60-day IL
2019-11-04,Yankees,• Greg Bird,activated from 60-day IL
2019-11-04,Yankees,• Jacoby Ellsbury,activated from 60-day IL
2019-11-04,Yankees,• Jake Barrett,activated from 60-day IL
2019-11-04,Yankees,• Jonathan Holder,activated from 60-day IL
2019-11-04,Yankees,• Miguel Andujar,activated from 60-day IL
2020-07-22,Athletics,• Daniel Mengden,activated from 60-day IL
2020-07-23,Tigers,• Michael Fulmer,activated from 60-day IL
2020-08-04,Marlins,• Matt Joyce,activated from 60-day IL
2020-09-04,Rays,• Brett Phillips,activated from 60-day IL
2020-09-05,Mariners,• Tom Murphy (James),activated from 60-day IL
2020-09-08,Braves,• Jacob Webb (Lawrence),activated from 60-day IL
2020-09-10,Tigers,• Jordan Zimmermann (M.),activated from 60-day IL
2020-09-11,Blue Jays,• Ken Giles,activated from 60-day IL
2020-09-12,Royals,• Kelvin Gutierrez,activated from 60-day IL
2020-09-14,Brewers,• Ray Black,activated from 60-day IL
2020-09-15,Mariners,• Brandon Brennan,activated from 60-day IL
2020-09-16,Braves,• Cole Hamels,activated from 60-day IL
2020-09-20,Padres,• Austin Adams (Lance),activated from 60-day IL
2020-09-22,Twins,• Homer Bailey,activated from 60-day IL
2020-09-23,Royals,• Franchy Cordero,activated from 60-day IL
2020-09-23,Royals,• Mike Montgomery,activated from 60-day IL
2020-09-24,White Sox,• Aaron Bummer,activated from 60-day IL
2020-09-24,White Sox,• Carlos Rodon,activated from 60-day IL
2020-09-25,Diamondbacks,• Silvino Bracho,activated from 60-day IL
2020-09-29,White Sox,• Leury Garcia,activated from 60-day IL
2020-10-11,Rays,• Jose Alvarado (a),activated from 60-day IL
2020-10-14,Reds,• Matt Bowman,activated from 60-day IL
2020-10-22,Mariners,• Carl Edwards Jr.,activated from 60-day IL
2020-10-22,Mariners,• Matt Magill,activated from 60-day IL
2020-10-22,Mariners,• Nestor Cortes Jr.,activated from 60-day IL
2020-10-23,Mariners,• Taylor Guilbeau,activated from 60-day IL
2020-10-23,Mariners,• Gerson Bautista,activated from 60-day IL
2020-10-26,Red Sox,• Zack Godley,activated from 60-day IL
2020-10-27,Tigers,• Dario Agrazal,activated from 60-day IL
2020-10-28,Athletics,• A.J. Puk,activated from 60-day IL
2020-10-28,Athletics,• Burch Smith,activated from 60-day IL
2020-10-28,Blue Jays,• Ken Giles,activated from 60-day IL
2020-10-28,Braves,• Cole Hamels,activated from 60-day IL
2020-10-28,Marlins,• Brandon Leibrandt,activated from 60-day IL
2020-10-28,Marlins,• Brian Moran,activated from 60-day IL
2020-10-28,Marlins,• Drew Steckenrider,activated from 60-day IL
2020-10-28,Marlins,• Francisco Cervelli,activated from 60-day IL
2020-10-28,Marlins,• Logan Forsythe,activated from 60-day IL
2020-10-28,Marlins,• Pat Venditte,activated from 60-day IL
2020-10-28,Mets,• Eduardo Nunez,activated from 60-day IL
2020-10-28,Mets,• Jed Lowrie,activated from 60-day IL
2020-10-28,Mets,• Rene Rivera,activated from 60-day IL
2020-10-28,Orioles,• Wade LeBlanc,activated from 60-day IL
2020-10-28,Padres,• Kirby Yates,activated from 60-day IL
2020-10-28,Phillies,• Jose Alvarez (Ricardo),activated from 60-day IL
2020-10-28,Pirates,• Keone Kela,activated from 60-day IL
2020-10-28,Rangers,• Corey Kluber,activated from 60-day IL
2020-10-28,Rangers,• Edinson Volquez,activated from 60-day IL
2020-10-28,Reds,• Tyler Thornburg,activated from 60-day IL
2020-10-28,Royals,• Matt Harvey,activated from 60-day IL
2020-10-28,Tigers,• C.J. Cron,activated from 60-day IL
2020-10-28,Tigers,• Ivan Nova,activated from 60-day IL
2020-10-28,Tigers,• JaCoby Jones,activated from 60-day IL
2020-10-28,Tigers,• Jonathan Schoop,activated from 60-day IL
2020-10-28,Tigers,• Troy Stokes Jr.,activated from 60-day IL
2020-10-28,Yankees,• James Paxton,activated from 60-day IL
2020-10-29,Astros,• Roberto Osuna,activated from 60-day IL
2020-10-29,Giants,• Joey Rickard,activated from 60-day IL
2020-10-29,Marlins,• Mike Morin,activated from 60-day IL
2020-10-29,Rockies,• Joe Harvey,activated from 60-day IL
2020-10-30,Angels,• Justin Anderson (Charles),activated from 60-day IL
2020-10-30,Blue Jays,• Trent Thornton,activated from 60-day IL
2020-10-30,Blue Jays,• Yennsy Diaz,activated from 60-day IL
2020-10-30,Braves,• Jeremy Walker,activated from 60-day IL
2020-10-30,Braves,• Michael Soroka,activated from 60-day IL
2020-10-30,Cardinals,• Dakota Hudson,activated from 60-day IL
2020-10-30,Cardinals,• John Brebbia,activated from 60-day IL
2020-10-30,Cardinals,• Miles Mikolas,activated from 60-day IL
2020-10-30,Cardinals,• Ricardo Sanchez (Jose),activated from 60-day IL
2020-10-30,Dodgers,• Jimmy Nelson,activated from 60-day IL
2020-10-30,Phillies,• David Robertson,activated from 60-day IL
2020-10-30,Pirates,• Kevin Kramer,activated from 60-day IL
2020-10-30,Pirates,• Luke Maile,activated from 10-day / 60-day IL
2020-10-30,Pirates,• Yacksel Rios,activated from 60-day IL
2020-10-30,Rays,• Andrew Kittredge,activated from 60-day IL
2020-10-30,Rays,• Chaz Roe,activated from 60-day IL
2020-10-30,Royals,• Foster Griffin,activated from 60-day IL
2020-10-30,Royals,• Glenn Sparkman,activated from 60-day IL
2020-10-30,Royals,• Kyle Zimmer,activated from 10-day / 60-day IL
2020-10-30,White Sox,• Jimmy Lambert,activated from 60-day IL
2020-10-31,Cubs,• Daniel Descalso,activated from 60-day IL
2020-10-31,Marlins,• Elieser Hernandez,activated from 60-day IL
2020-10-31,Marlins,• Harold Ramirez,activated from 60-day IL
2020-10-31,Marlins,• Isan Diaz,activated from 60-day IL
2020-10-31,Marlins,• Jeff Brigham,activated from 60-day IL
2020-10-31,Marlins,• Jordan Holloway,activated from 60-day IL
2020-10-31,Pirates,• Chris Archer,activated from 60-day IL
2020-10-31,Red Sox,• Andrew Benintendi,activated from 60-day IL
2020-10-31,Red Sox,• Chris Sale,activated from 60-day IL
2020-10-31,Red Sox,• Colten Brewer,activated from 60-day IL
2020-10-31,Red Sox,• Dustin Pedroia,activated from 60-day IL
2020-10-31,Red Sox,• Eduardo Rodriguez (José),activated from 60-day IL
2020-10-31,Red Sox,• Kyle Hart (Patrick),activated from 60-day IL
2020-10-31,Yankees,• Tommy Kahnle,activated from 60-day IL
2020-11-01,Diamondbacks,• Corbin Martin,activated from 60-day IL
2020-11-01,Diamondbacks,• Jeremy Beasley,activated from 60-day IL
2020-11-01,Diamondbacks,• Merrill Kelly,activated from 60-day IL
2020-11-01,Giants,• Aramis Garcia,activated from 60-day IL
2020-11-01,Giants,• Reyes Moronta,activated from 60-day IL
2020-11-01,Giants,• Tyler Beede,activated from 60-day IL
2020-11-01,Pirates,• Anthony Alford,activated from 60-day IL
2020-11-01,Pirates,• Clay Holmes,activated from 60-day IL
2020-11-01,Pirates,• Jameson Taillon,activated from 60-day IL
2020-11-01,Pirates,• Michael Feliz,activated from 60-day IL
2020-11-01,Pirates,• Phillip Evans,activated from 60-day IL
2020-11-01,Pirates,• Nick Burdi,activated from 60-day IL
2020-11-02,Astros,• Austin Pruitt,activated from 60-day IL
2020-11-02,Astros,• Bryan Abreu,activated from 60-day IL
2020-11-02,Astros,• Rogelio Armenteros,activated from 60-day IL
2020-11-02,Astros,• Yordan Alvarez,activated from 60-day IL
2020-11-02,Cubs,• Brad Wieck,activated from 60-day IL
2020-11-02,Cubs,• James Norwood,activated from 60-day IL
2020-11-02,Cubs,• Manuel Rodriguez,activated from 60-day IL
2020-11-02,Mariners,• Andres Munoz,activated from 60-day IL
2020-11-02,Mets,• Noah Syndergaard,activated from 60-day IL
2020-11-02,Mets,• Robert Gsellman (John),activated from 60-day IL
2020-11-02,Mets,• Tomas Nido,activated from 60-day IL
2020-11-02,Nationals,• Seth Romero,activated from 60-day IL
2020-11-02,Nationals,• Starlin Castro,activated from 60-day IL
2020-11-02,Nationals,• Stephen Strasburg,activated from 60-day IL
2020-11-02,Orioles,• Richie Martin,activated from 60-day IL
2020-11-02,Orioles,• Trey Mancini,activated from 60-day IL
2020-11-02,Padres,• Anderson Espinoza,activated from 60-day IL
2020-11-02,Padres,• Jose Castillo (Gregorio),activated from 60-day IL
2020-11-02,Padres,• Trey Wingenter,activated from 60-day IL
2020-11-02,Phillies,• Seranthony Dominguez,activated from 60-day IL
2020-11-02,Rangers,• Brock Burke,activated from 60-day IL
2020-11-02,Rangers,• Joe Palumbo,activated from 60-day IL
2020-11-02,Rangers,• Jose Leclerc,activated from 60-day IL
2020-11-02,Rays,• Colin Poche (Michael),activated from 60-day IL
2020-11-02,Twins,• Nick Gordon,activated from 60-day IL
2020-11-02,Yankees,• Ben Heller,activated from 60-day IL
2020-11-02,Yankees,• Luis Severino,activated from 60-day IL
2020-11-03,Indians,• Jefry Rodriguez,activated from 60-day IL
2020-11-03,Mariners,• Mitch Haniger,activated from 60-day IL
2020-11-03,Rays,• Cody Reed (Austin),activated from 60-day IL
2020-11-03,Rays,• Jalen Beeks,activated from 60-day IL
2020-11-03,Rays,• Yonny Chirinos,activated from 60-day IL
2020-11-03,Rockies,• David Dahl,activated from 60-day IL
2020-11-03,Rockies,• Peter Lambert,activated from 60-day IL
2020-11-03,Rockies,• Scott Oberg,activated from 60-day IL
2021-05-31,Brewers,• Bobby Wahl,activated from 60-day IL
2021-05-31,Brewers,• Tim Lopes,activated from 60-day IL
2021-05-31,Mets,• Seth Lugo,activated from 60-day IL
2021-06-03,Marlins,• Elieser Hernandez,activated from 60-day IL
2021-06-03,Pirates,• Ke'Bryan Hayes,activated from 60-day IL
2021-06-04,Orioles,• Hunter Harvey,activated from 60-day IL
2021-06-06,Pirates,• Austin Davis (Richard),activated from 60-day IL
2021-06-07,Mariners,• Shed Long Jr.,activated from 60-day IL
2021-06-09,Dodgers,• Tony Gonsolin,activated from 60-day IL
2021-06-12,Yankees,• Zack Britton (Grant),activated from 60-day IL
2021-06-13,Reds,• Aristides Aquino,activated from 60-day IL
2021-06-16,Blue Jays,• Patrick Murphy (Brian),activated from 60-day IL
2021-06-20,Giants,• John Brebbia,activated from 60-day IL
2021-06-22,Rockies,• Chris Owings,activated from 60-day IL
2021-06-26,White Sox,• Jace Fry,activated from 60-day IL
2021-07-01,Giants,• Jaylin Davis,activated from 60-day IL
2021-07-03,Indians,• Roberto Perez (Andres),activated from 60-day IL
2021-07-05,Dodgers,• Scott Alexander,activated from 60-day IL
2021-07-06,Blue Jays,• Thomas Hatch,activated from 60-day IL
2021-07-06,Giants,• Tyler Beede,activated from 60-day IL
2021-07-10,Diamondbacks,• Kole Calhoun,activated from 60-day IL
2021-07-13,Marlins,• Jorge Guzman (b. 1996-01-28),activated from 60-day IL
2021-07-16,Astros,• Austin Pruitt,activated from 60-day IL
2021-07-16,Blue Jays,• Ryan Borucki,activated from 60-day IL
2021-07-16,Braves,• Touki Toussaint,activated from 60-day IL
2021-07-16,Mets,• J.D. Davis,activated from 60-day IL
2021-07-16,Reds,• Michael Lorenzen,activated from 60-day IL
2021-07-17,Rangers,• Sam Huff,activated from 60-day IL
2021-07-20,Blue Jays,• Alejandro Kirk,activated from 60-day IL
2021-07-21,Braves,• Alex Jackson,activated from 60-day IL
2021-07-21,Diamondbacks,• Tyler Clippard,activated from 60-day IL
2021-07-23,Cubs,• Matt Duffy (Michael),activated from 60-day IL
2021-07-23,Mariners,• Casey Sadler,activated from 60-day IL
2021-07-24,Marlins,• Brian Anderson (Wade),activated from 60-day IL
2021-07-24,Twins,• Jake Cave,activated from 60-day IL
2021-07-25,Indians,• Cam Hill,activated from 60-day IL
2021-07-26,White Sox,• Eloy Jimenez,activated from 60-day IL
2021-07-29,Giants,• Aaron Sanchez,activated from 60-day IL
2021-07-29,Indians,• Jordan Luplow,activated from 60-day IL
2021-07-30,Dodgers,• Corey Seager,activated from 60-day IL
2021-07-30,Mets,• Carlos Carrasco,activated from 60-day IL
2021-08-01,Astros,• Josh James,activated from 60-day IL
2021-08-02,Orioles,• Richie Martin,activated from 60-day IL
2021-08-03,Padres,• Matt Strahm,activated from 60-day IL
2021-08-04,Giants,• Tommy La Stella,activated from 60-day IL
2021-08-04,Pirates,• Steven Brault,activated from 60-day IL
2021-08-06,Reds,• Mike Moustakas,activated from 60-day IL
2021-08-08,Brewers,• Dylan File,activated from 60-day IL
2021-08-09,Royals,• Daniel Tillo,activated from 60-day IL
2021-08-09,White Sox,• Luis Robert Jr.,activated from 60-day IL
2021-08-10,Astros,• Pedro Baez,activated from 60-day IL
2021-08-10,Blue Jays,• Tommy Milone,activated from 60-day IL
2021-08-10,Cubs,• Rowan Wick,activated from 60-day IL
2021-08-10,Dodgers,• Corey Knebel,activated from 60-day IL
2021-08-11,Braves,• Travis d'Arnaud,activated from 60-day IL
2021-08-11,Brewers,• Justin Topa,activated from 60-day IL
2021-08-11,Diamondbacks,• Seth Frankoff,activated from 60-day IL
2021-08-11,Reds,• Alex Blandino,activated from 60-day IL
2021-08-11,Yankees,• Clarke Schmidt,activated from 60-day IL
2021-08-12,Cubs,• Austin Romine,activated from 60-day IL
2021-08-12,Orioles,• Chris Davis (Lyn),activated from 60-day IL
2021-08-13,Cardinals,• Jack Flaherty,activated from 60-day IL
2021-08-14,Brewers,• Travis Shaw,activated from 60-day IL
2021-08-14,Giants,• Evan Longoria,activated from 60-day IL
2021-08-14,Red Sox,• Chris Sale,activated from 60-day IL
2021-08-15,Marlins,• Elieser Hernandez,activated from 60-day IL
2021-08-15,Reds,• Nick Senzel,activated from 60-day IL
2021-08-16,Red Sox,• Travis Shaw,activated from 60-day IL
2021-08-17,Braves,• Huascar Ynoa,activated from 60-day IL
2021-08-19,Marlins,• Daniel Castano,activated from 60-day IL
2021-08-20,Cardinals,• Miles Mikolas,activated from 60-day IL
2021-08-22,Giants,• Reyes Moronta,activated from 60-day IL
2021-08-22,Rays,• Chris Archer,activated from 60-day IL
2021-08-23,Reds,• Michael Feliz,activated from 60-day IL
2021-08-24,Phillies,• Sam Coonrod,activated from 60-day IL
2021-08-29,Blue Jays,• Carl Edwards Jr.,activated from 60-day IL
2021-08-29,Tigers,• Matthew Boyd,activated from 60-day IL
2021-08-30,Yankees,• Corey Kluber,activated from 60-day IL
2021-09-01,Brewers,• Daniel Vogelbach,activated from 60-day IL
2021-09-01,Diamondbacks,• Luke Weaver,activated from 60-day IL
2021-09-01,Padres,• Taylor Williams,activated from 60-day IL
2021-09-01,Phillies,• Seranthony Dominguez,activated from 60-day IL
2021-09-01,Rangers,• Kohei Arihara,activated from 60-day IL
2021-09-01,Red Sox,• Ryan Brasier,activated from 60-day IL
2021-09-01,Twins,• Randy Dobnak,activated from 60-day IL
2021-09-04,Rockies,• Jordan Sheffield,activated from 60-day IL
2021-09-05,Twins,• Luke Farrell,activated from 60-day IL
2021-09-06,Blue Jays,• A.J. Cole,activated from 60-day IL
2021-09-07,Indians,• Aaron Civale,activated from 60-day IL
2021-09-08,Blue Jays,• Julian Merryweather,activated from 60-day IL
2021-09-08,Diamondbacks,• Seth Frankoff,activated from 60-day IL
2021-09-10,Yankees,• Michael King (McRae),activated from 60-day IL
2021-09-11,Phillies,• Matt Joyce,activated from 60-day IL
2021-09-12,Rays,• Nick Anderson (Paul),activated from 60-day IL
2021-09-12,Royals,• Ronald Bolanos,activated from 60-day IL
2021-09-13,Dodgers,• Clayton Kershaw,activated from 60-day IL
2021-09-13,Nationals,• Steven Fuentes (Oneil),activated from 60-day IL
2021-09-13,Red Sox,• Eduard Bazardo,activated from 60-day IL
2021-09-15,Astros,• Andre Scrubb,activated from 60-day IL
2021-09-15,Rangers,• Willie Calhoun,activated from 60-day IL
2021-09-17,Mets,• Jordan Yamamoto,activated from 60-day IL
2021-09-18,Reds,• Art Warren,activated from 60-day IL
2021-09-20,Yankees,• Luis Severino,activated from 60-day IL
2021-09-21,Dodgers,• Luke Raley,activated from 60-day IL
2021-09-21,Padres,• Javy Guerra,activated from 60-day IL
2021-09-22,Marlins,• Brian Anderson (Wade),activated from 60-day IL
2021-09-24,Cardinals,• Dakota Hudson,activated from 60-day IL
2021-09-24,Indians,• Shane Bieber,activated from 60-day IL
2021-09-24,Rockies,• Peter Lambert,activated from 60-day IL
2021-09-26,Mets,• Sean Reid-Foley,activated from 60-day IL
2021-09-28,Mets,• Noah Syndergaard,activated from 60-day IL
2021-09-28,Orioles,• Bruce Zimmermann,activated from 60-day IL
2021-10-02,Mariners,• Andres Munoz,activated from 60-day IL
2021-10-02,Mets,• Robert Gsellman (John),activated from 60-day IL
2021-10-03,Marlins,• Pablo Lopez (Jose),activated from 60-day IL
2021-10-03,Rangers,• Matt Bush,activated from 60-day IL
2021-10-06,Tigers,• Miguel Del Pozo,activated from 60-day IL
2021-10-07,Diamondbacks,• Chris Devenski,activated from 60-day IL
2021-10-09,Rangers,• Hunter Wood,activated from 60-day IL
2021-10-14,Orioles,• Travis Lakins,activated from 60-day IL
2021-10-18,Cubs,• David Bote,activated from 10-day / 60-day IL
2021-10-18,Cubs,• Nick Martini,activated from 10-day / 60-day IL
2021-10-18,Cubs,• Patrick Wisdom,activated from 10-day / 60-day IL
2021-10-18,Cubs,• Tommy Nance,activated from 10-day / 60-day IL
2021-10-21,Angels,• Franklin Barreto,activated from 60-day IL
2021-10-21,Angels,• Luke Bard,activated from 60-day IL
2021-10-22,Mariners,• Sam Haggerty,activated from 60-day IL
2021-10-22,Mariners,• Shed Long Jr.,activated from 60-day IL
2021-10-25,Cardinals,• Jordan Hicks,activated from 60-day IL
2021-10-25,Dodgers,• Sheldon Neuse,activated from 60-day IL
2021-10-27,Braves,• Tucker Davidson,activated from 60-day IL
2021-10-27,Marlins,• Jeff Brigham,activated from 60-day IL
2021-10-27,Marlins,• Jorge Guzman (b. 1996-01-28),activated from 60-day IL
2021-10-29,Mets,• Corey Oswalt,activated from 60-day IL
2021-10-29,Mets,• Jose Martinez (Alberto),activated from 60-day IL
2021-10-29,Mets,• Robert Stock,activated from 60-day IL
2021-11-03,Angels,• Dexter Fowler,activated from 60-day IL
2021-11-03,Angels,• Dylan Bundy,activated from 60-day IL
2021-11-03,Astros,• Justin Verlander,activated from 60-day IL
2021-11-03,Athletics,• Mike Fiers,activated from 60-day IL
2021-11-03,Athletics,• Trevor Rosenthal,activated from 60-day IL
2021-11-03,Blue Jays,• David Phelps,activated from 60-day IL
2021-11-03,Blue Jays,• Kirby Yates,activated from 60-day IL
2021-11-03,Brewers,• John Axford,activated from 60-day IL
2021-11-03,Cardinals,• Carlos Martinez (Ernesto),activated from 60-day IL
2021-11-03,Cardinals,• Junior Fernandez,activated from 60-day IL
2021-11-03,Cardinals,• Ljay Newsome,activated from 60-day IL
2021-11-03,Cardinals,• Ryan Helsley,activated from 60-day IL
2021-11-03,Cubs,• Jonathan Holder,activated from 60-day IL
2021-11-03,Cubs,• Jose Lobaton,activated from 60-day IL
2021-11-03,Cubs,• Kohl Stewart,activated from 60-day IL
2021-11-03,Dodgers,• Cole Hamels,activated from 60-day IL
2021-11-03,Dodgers,• Danny Duffy,activated from 60-day IL
2021-11-03,Dodgers,• Jimmy Nelson,activated from 60-day IL
2021-11-03,Mariners,• James Paxton,activated from 60-day IL
2021-11-03,Mets,• Dellin Betances,activated from 60-day IL
2021-11-03,Nationals,• Luis Avilan,activated from 60-day IL
2021-11-03,Orioles,• Matt Harvey,activated from 60-day IL
2021-11-03,Padres,• Dan Altavilla,activated from 60-day IL
2021-11-03,Phillies,• Matt Moore,activated from 60-day IL
2021-11-03,Pirates,• Trevor Cahill,activated from 60-day IL
2021-11-03,Rays,• Chaz Roe,activated from 60-day IL
2021-11-03,Rays,• Chris Archer,activated from 60-day IL
2021-11-03,Rays,• Tommy Hunter,activated from 60-day IL
2021-11-03,Rockies,• Chris Owings,activated from 60-day IL
2021-11-03,Royals,• Jesse Hahn,activated from 60-day IL
2021-11-03,Royals,• Wade Davis,activated from 60-day IL
2021-11-04,Reds,• Brandon Bailey (David Keith),activated from 60-day IL
2021-11-04,Reds,• Nick Senzel,activated from 60-day IL
2021-11-04,Reds,• Tejay Antone,activated from 60-day IL
2021-11-04,White Sox,• Evan Marshall,activated from 60-day IL
2021-11-04,White Sox,• Jimmy Cordero,activated from 60-day IL
2021-11-04,Yankees,• Darren O'Day,activated from 60-day IL
2021-11-05,Twins,• Kyle Garlick,activated from 60-day IL
2021-11-05,Twins,• Lewis Thorpe,activated from 60-day IL
2021-11-05,Twins,• Taylor Rogers (A.),activated from 60-day IL
2021-11-05,Yankees,• Tim Locastro,activated from 60-day IL
2021-11-05,Angels,• Anthony Rendon,activated from 60-day IL
2021-11-05,Angels,• Jo Adell,activated from 60-day IL
2021-11-05,Angels,• Justin Upton,activated from 60-day IL
2021-11-05,Angels,• Mike Trout,activated from 60-day IL
2021-11-05,Angels,• Patrick Sandoval,activated from 60-day IL
2021-11-05,Brewers,• Angel Perdomo,activated from 60-day IL
2021-11-05,Brewers,• John Curtiss,activated from 60-day IL
2021-11-05,Brewers,• Justin Topa,activated from 60-day IL
2021-11-05,Brewers,• Mark Mathias,activated from 60-day IL
2021-11-05,Cardinals,• Max Moroff,activated from 60-day IL
2021-11-05,Cubs,• P.J. Higgins,activated from 60-day IL
2021-11-05,Diamondbacks,• Nick Snyder (Jordan),activated from 60-day IL
2021-11-05,Dodgers,• Jimmie Sherfy,activated from 60-day IL
2021-11-05,Dodgers,• Scott Alexander,activated from 60-day IL
2021-11-05,Mariners,• Evan White,activated from 60-day IL
2021-11-05,Mariners,• Justin Dunn (Warren),activated from 60-day IL
2021-11-05,Mariners,• Ken Giles,activated from 60-day IL
2021-11-05,Mariners,• Kyle Lewis,activated from 60-day IL
2021-11-05,Mariners,• Nick Margevicius,activated from 60-day IL
2021-11-05,Marlins,• Brian Anderson (Wade),activated from 60-day IL
2021-11-05,Marlins,• Cody Poteet,activated from 60-day IL
2021-11-05,Marlins,• Garrett Cooper,activated from 60-day IL
2021-11-05,Marlins,• Jesus Aguilar,activated from 60-day IL
2021-11-05,Marlins,• Jon Berti,activated from 60-day IL
2021-11-05,Marlins,• Jose Devers (Rodolfo),activated from 60-day IL
2021-11-05,Nationals,• Kyle McGowin,activated from 60-day IL
2021-11-05,Orioles,• Hunter Harvey,activated from 60-day IL
2021-11-05,Padres,• Keone Kela,activated from 60-day IL
2021-11-05,Rangers,• Edwar Colina,activated from 60-day IL
2021-11-05,Rangers,• Eli White (Thomas),activated from 60-day IL
2021-11-05,Rangers,• John King (Edward),activated from 60-day IL
2021-11-05,Rangers,• Jonathan Hernandez,activated from 60-day IL
2021-11-05,Rangers,• Jose Leclerc,activated from 60-day IL
2021-11-05,Rangers,• Kyle Cody,activated from 60-day IL
2021-11-05,Rangers,• Ronald Guzman,activated from 60-day IL
2021-11-05,Rays,• Cody Reed (Austin),activated from 60-day IL
2021-11-05,Rays,• Colin Poche (Michael),activated from 60-day IL
2021-11-05,Rays,• DJ Johnson (Stuart),activated from 60-day IL
2021-11-05,Rays,• Jalen Beeks,activated from 60-day IL
2021-11-05,Rays,• Jeffrey Springs,activated from 60-day IL
2021-11-05,Rays,• Oliver Drake,activated from 60-day IL
2021-11-05,Rays,• Tyler Glasnow,activated from 60-day IL
2021-11-05,Rays,• Yonny Chirinos,activated from 60-day IL
2021-11-05,Royals,• Brad Keller,activated from 60-day IL
2021-11-05,Royals,• Richard Lovelady,activated from 60-day IL
2021-11-05,Twins,• Alex Kirilloff,activated from 60-day IL
2021-11-05,Twins,• Cody Stashak,activated from 60-day IL
2021-11-05,Twins,• Devin Smeltzer,activated from 60-day IL
2021-11-05,Twins,• Kenta Maeda,activated from 60-day IL
2021-11-05,Twins,• Randy Dobnak,activated from 60-day IL
2021-11-06,Braves,• Grant Dayton,activated from 60-day IL
2021-11-06,Braves,• Michael Soroka,activated from 60-day IL
2021-11-06,Braves,• Ronald Acuna Jr.,activated from 60-day IL
2021-11-06,Padres,• Adrian Morejon,activated from 60-day IL
2021-11-06,Padres,• Austin Nola,activated from 60-day IL
2021-11-06,Padres,• Drew Pomeranz,activated from 60-day IL
2021-11-06,Padres,• Jorge Ona,activated from 60-day IL
2021-11-06,Padres,• Jose Castillo (Gregorio),activated from 60-day IL
2021-11-06,Padres,• Matt Strahm,activated from 60-day IL
2021-11-06,Padres,• Michel Baez,activated from 60-day IL
2021-11-06,Padres,• Mike Clevinger,activated from 60-day IL
2021-11-06,Padres,• Trey Wingenter,activated from 60-day IL
2021-11-06,Pirates,• Blake Cederlind,activated from 60-day IL
2021-11-06,Pirates,• Bryse Wilson,activated from 60-day IL
2021-11-06,Pirates,• Chase De Jong,activated from 60-day IL
2021-11-06,Pirates,• Dillon Peters,activated from 60-day IL
2021-11-06,Pirates,• Duane Underwood Jr.,activated from 60-day IL
2021-11-06,Pirates,• Jose Soriano,activated from 60-day IL
2021-11-06,Pirates,• Steven Brault,activated from 60-day IL
2021-11-07,Astros,• Freudis Nova,activated from 60-day IL
2021-11-07,Astros,• Kent Emanuel,activated from 60-day IL
2021-11-07,Astros,• Rafael Montero,activated from 60-day IL
2021-11-07,Astros,• Tyler Ivey,activated from 60-day IL
2021-11-07,Cubs,• Alfonso Rivas,activated from 60-day IL
2021-11-07,Cubs,• Brad Wieck,activated from 60-day IL
2021-11-07,Cubs,• Michael Hermosillo,activated from 60-day IL
2021-11-07,Cubs,• Nick Madrigal,activated from 60-day IL
2021-11-07,Dodgers,• Caleb Ferguson,activated from 60-day IL
2021-11-07,Dodgers,• Dustin May,activated from 60-day IL
2021-11-07,Dodgers,• Edwin Rios,activated from 60-day IL
2021-11-07,Dodgers,• Garrett Cleavinger,activated from 60-day IL
2021-11-07,Dodgers,• Tommy Kahnle,activated from 60-day IL
2021-11-07,Giants,• Dedniel Nunez,activated from 60-day IL
2021-11-07,Giants,• Luis Gonzalez (b. 1995-09-10),activated from 60-day IL
2021-11-07,Giants,• Sam Delaplane,activated from 60-day IL
2021-11-07,Giants,• Tyler Beede,activated from 60-day IL
2021-11-07,Indians,• Josh Naylor,activated from 60-day IL
2021-11-07,Indians,• Nick Sandlin,activated from 60-day IL
2021-11-07,Mets,• David Peterson (John),activated from 60-day IL
2021-11-07,Mets,• Jacob deGrom,activated from 60-day IL
2021-11-07,Mets,• Joey Lucchesi,activated from 60-day IL
2021-11-07,Mets,• Thomas Szapucki,activated from 60-day IL
2021-11-07,Nationals,• Joe Ross (Andrew),activated from 60-day IL
2021-11-07,Nationals,• Stephen Strasburg,activated from 60-day IL
2021-11-07,Nationals,• Will Harris,activated from 60-day IL
2021-11-07,Orioles,• D.J. Stewart (Demetrius Jerome),activated from 60-day IL
2021-11-07,Orioles,• Jorge Lopez (Yabiel),activated from 60-day IL
2021-11-07,Orioles,• Jorge Mateo,activated from 60-day IL
2021-11-07,Orioles,• Keegan Akin,activated from 60-day IL
2021-11-07,Phillies,• JoJo Romero,activated from 60-day IL
2021-11-07,Phillies,• Rhys Hoskins,activated from 60-day IL
2021-11-07,Phillies,• Roman Quinn,activated from 60-day IL
2021-11-07,Phillies,• Zach Eflin,activated from 60-day IL
2021-11-07,Rays,• Ryan Thompson (Scott),activated from 60-day IL
2021-11-07,Rockies,• Austin Gomber,activated from 60-day IL
2021-11-07,Rockies,• Connor Joe,activated from 60-day IL
2021-11-07,Rockies,• Scott Oberg,activated from 60-day IL
2021-11-07,Yankees,• Aaron Hicks,activated from 60-day IL
2021-11-07,Yankees,• Clint Frazier,activated from 60-day IL
2021-11-07,Yankees,• Luke Voit,activated from 60-day IL
2021-11-07,Yankees,• Miguel Andujar,activated from 60-day IL
2021-11-07,Yankees,• Zack Britton (Grant),activated from 60-day IL
2021-11-08,Diamondbacks,• Kevin Ginkel,activated from 60-day IL
2021-11-08,Diamondbacks,• Seth Beer,activated from 60-day IL
2021-11-08,Tigers,• Jake Rogers (Ray),activated from 60-day IL
2021-11-08,Tigers,• Rony Garcia,activated from 60-day IL
2021-11-08,Tigers,• Spencer Turnbull,activated from 60-day IL
2022-06-06,Padres,• Adrian Morejon,activated from 60-day IL
2022-06-06,Padres,• Michel Baez,activated from 60-day IL
2022-06-07,Cubs,• Alec Mills,activated from 60-day IL
2022-06-07,Nationals,• Ehire Adrianza,activated from 60-day IL
2022-06-11,Rays,• Shane Baz (Austin),activated from 60-day IL
2022-06-12,Diamondbacks,• Luke Weaver,activated from 60-day IL
2022-06-13,Phillies,• Rafael Marchan,activated from 60-day IL
2022-06-13,White Sox,• Lance Lynn,activated from 60-day IL
2022-06-15,Cardinals,• Jack Flaherty,activated from 60-day IL
2022-06-16,Rangers,• Jose Leclerc,activated from 60-day IL
2022-06-17,Reds,• Max Schrock,activated from 60-day IL
2022-06-20,Mariners,• Ken Giles,activated from 60-day IL
2022-06-20,Rays,• Chris Mazza,activated from 60-day IL
2022-06-21,Giants,• Anthony DeSclafani,activated from 60-day IL
2022-06-21,Reds,• Donovan Solano,activated from 60-day IL
2022-06-23,Astros,• Taylor Jones,activated from 60-day IL
2022-06-24,Astros,• Jake Meyers,activated from 60-day IL
2022-06-24,Cubs,• David Bote,activated from 60-day IL
2022-06-26,Rangers,• Steven Duggar,activated from 60-day IL
2022-06-30,Athletics,• Skye Bolt,activated from 60-day IL
2022-07-01,Nationals,• Mason Thompson,activated from 60-day IL
2022-07-02,Braves,• Jay Jackson,activated from 60-day IL
2022-07-02,Guardians,• James Karinchak,activated from 60-day IL
2022-07-04,Braves,• Eddie Rosario,activated from 60-day IL
2022-07-05,Reds,• Nick Lodolo,activated from 60-day IL
2022-07-06,White Sox,• Eloy Jimenez,activated from 60-day IL
2022-07-08,Phillies,• Kent Emanuel,activated from 60-day IL
2022-07-08,Pirates,• Kevin Newman,activated from 60-day IL
2022-07-10,Nationals,• Hunter Harvey,activated from 60-day IL
2022-07-11,Pirates,• Jake Marisnick,activated from 60-day IL
2022-07-12,Red Sox,• Chris Sale,activated from 60-day IL
2022-07-14,Nationals,• Anibal Sanchez,activated from 60-day IL
2022-07-15,Phillies,• JoJo Romero,activated from 60-day IL
2022-07-15,Rays,• Luis Patino,activated from 60-day IL
2022-07-15,Tigers,• Jose Cisnero,activated from 60-day IL
2022-07-16,Angels,• Cooper Criswell,activated from 60-day IL
2022-07-16,Rangers,• Jonathan Hernandez,activated from 60-day IL
2022-07-16,Rays,• Brandon Lowe (Norman),activated from 60-day IL
2022-07-17,Rays,• Pete Fairbanks,activated from 60-day IL
2022-07-18,Guardians,• Carlos Vargas (Miguel),activated from 60-day IL
2022-07-20,Diamondbacks,• J.B. Bukauskas,activated from 60-day IL
2022-07-21,Yankees,• Domingo German,activated from 60-day IL
2022-07-22,Pirates,• Greg Allen,activated from 60-day IL
2022-07-24,Reds,• Justin Dunn (Warren),activated from 60-day IL
2022-07-25,Twins,• Miguel Sano,activated from 60-day IL
2022-07-28,Angels,• David Fletcher,activated from 60-day IL
2022-07-29,Reds,• Jake Fraley,activated from 60-day IL
2022-08-01,Marlins,• Jesus Luzardo,activated from 60-day IL
2022-08-01,Phillies,• Ryan Sherriff,activated from 60-day IL
2022-08-02,Marlins,• Anthony Bender,activated from 60-day IL
2022-08-02,Mets,• Jacob deGrom,activated from 60-day IL
2022-08-02,Tigers,• Matt Manning,activated from 60-day IL
2022-08-02,Yankees,• Ben Rortvedt,activated from 60-day IL
2022-08-03,Brewers,• Freddy Peralta,activated from 60-day IL
2022-08-03,Mets,• Trevor May,activated from 60-day IL
2022-08-04,Phillies,• Jean Segura,activated from 60-day IL
2022-08-04,Red Sox,• Matt Barnes,activated from 60-day IL
2022-08-06,Mariners,• Mitch Haniger,activated from 60-day IL
2022-08-06,Padres,• Robert Suarez,activated from 60-day IL
2022-08-10,Braves,• Kirby Yates,activated from 60-day IL
2022-08-13,Astros,• Lance McCullers Jr.,activated from 60-day IL
2022-08-13,Brewers,• Justin Topa,activated from 60-day IL
2022-08-15,Phillies,• Sam Coonrod,activated from 60-day IL
2022-08-16,Marlins,• Cole Sulser,activated from 60-day IL
2022-08-16,Padres,• Matt Beaty,activated from 60-day IL
2022-08-16,Red Sox,• Enrique Hernandez,activated from 60-day IL
2022-08-17,Dodgers,• Edwin Rios,activated from 60-day IL
2022-08-17,Padres,• Matt Beaty,activated from 60-day IL
2022-08-20,Dodgers,• Dustin May,activated from 60-day IL
2022-08-20,Rays,• Manuel Margot,activated from 60-day IL
2022-08-22,Rays,• Nick Anderson (Paul),activated from 60-day IL
2022-08-23,Rays,• Brendan McKay,activated from 60-day IL
2022-08-23,Rays,• J.T. Chargois,activated from 60-day IL
2022-08-24,Brewers,• Jake Cousins,activated from 60-day IL
2022-08-26,Cubs,• Manuel Rodriguez,activated from 60-day IL
2022-08-26,Phillies,• Bryce Harper,activated from 60-day IL
2022-08-27,Nationals,• Seth Romero,activated from 60-day IL
2022-08-29,Angels,• Matt Duffy (Michael),activated from 60-day IL
2022-08-29,Mariners,• Evan White,activated from 60-day IL
2022-08-31,Orioles,• Travis Lakins,activated from 60-day IL
2022-09-01,Braves,• Michael Soroka,activated from 60-day IL
2022-09-01,Guardians,• Cody Morris,activated from 60-day IL
2022-09-01,Mariners,• Matthew Boyd,activated from 60-day IL
2022-09-02,Dodgers,• Blake Treinen,activated from 60-day IL
2022-09-05,Blue Jays,• Julian Merryweather,activated from 60-day IL
2022-09-05,Cardinals,• Jack Flaherty,activated from 60-day IL
2022-09-05,White Sox,• Aaron Bummer,activated from 60-day IL
2022-09-06,Cubs,• Michael Hermosillo,activated from 60-day IL
2022-09-06,Cubs,• Wade Miley,activated from 60-day IL
2022-09-06,Rays,• Yonny Chirinos,activated from 60-day IL
2022-09-09,Angels,• Michael Lorenzen,activated from 60-day IL
2022-09-10,Padres,• Pierce Johnson,activated from 60-day IL
2022-09-11,Athletics,• Brent Honeywell Jr.,activated from 60-day IL
2022-09-11,Padres,• Craig Stammen,activated from 60-day IL
2022-09-12,Phillies,• Zach Eflin,activated from 15-day / 60-day IL
2022-09-13,Astros,• Blake Taylor,activated from 60-day IL
2022-09-13,Dodgers,• Tommy Kahnle,activated from 60-day IL
2022-09-14,Twins,• Randy Dobnak,activated from 60-day IL
2022-09-16,Braves,• Ozzie Albies,activated from 60-day IL
2022-09-16,Orioles,• Alex Wells,activated from 60-day IL
2022-09-16,Twins,• Bailey Ober,activated from 60-day IL
2022-09-17,Cubs,• Adbert Alzolay,activated from 60-day IL
2022-09-17,Royals,• Edward Olivares,activated from 60-day IL
2022-09-19,Mets,• Tylor Megill,activated from 60-day IL
2022-09-20,Yankees,• Harrison Bader,activated from 60-day IL
2022-09-21,Yankees,• Luis Severino,activated from 60-day IL
2022-09-22,Yankees,• Zack Britton (Grant),activated from 60-day IL
2022-09-23,Reds,• Connor Overton,activated from 60-day IL
2022-09-25,Reds,• Daniel Duarte,activated from 60-day IL
2022-09-27,Angels,• Archie Bradley,activated from 60-day IL
2022-09-27,Twins,• Ryan Jeffers,activated from 60-day IL
2022-09-28,Angels,• Anthony Rendon,activated from 60-day IL
2022-09-28,Rays,• Tyler Glasnow,activated from 60-day IL
2022-10-03,Yankees,• Miguel Castro,activated from 60-day IL
2022-10-04,Reds,• Aramis Garcia,activated from 60-day IL
2022-10-05,Blue Jays,• Nate Pearson,activated from 60-day IL
2022-10-11,Yankees,• Matt Carpenter (Martin),activated from 60-day IL
2022-10-20,Twins,• Danny Coulombe,activated from 60-day IL
2022-10-26,Royals,• Tyler Zuber,activated from 60-day IL
2022-10-27,Brewers,• Miguel Sanchez (Angel),activated from 60-day IL
2022-10-30,Orioles,• Chris Ellis (John),activated from 60-day IL
