2014-03-03,Rangers,• Derek Holland,placed on 60-day DL recovering from surgery on left knee
2014-03-07,Padres,• Cory Luebke,"placed on 60-day DL recovering from ligament replacement (""Tommy John"") surgery on left elbow"
2014-03-15,Dodgers,• Onelki Garcia,placed on 60-day DL recovering from surgery on left elbow
2014-03-20,Athletics,• Jarrod Parker (Brent),"placed on 60-day DL recovering from ligament replacement (""Tommy John"") surgery on right elbow"
2014-03-26,Braves,• Kris Medlen,"transferred to 60-day DL recovering from ligament replacement (""Tommy John"") surgery on right elbow"
2014-03-26,Rangers,• Engel Beltre,placed on 60-day DL with fractured right tibia
2014-03-26,Nationals,• Ross Ohlendorf,transferred to 60-day DL with sprained right lumbar
2014-03-29,Braves,• Brandon Beachy,"transferred to 60-day DL recovering from ligament replacement (""Tommy John"") surgery on right elbow"
2014-03-29,Braves,• Jonny Venters,"transferred to 60-day DL recovering from ligament replacement (""Tommy John"") surgery on left elbow"
2014-03-29,Phillies,• Miguel Alfredo Gonzalez / Miguel Gonzalez (Alfredo),transferred to 60-day DL with sore right shoulder
2014-03-29,Tigers,• Bruce Rondon,placed on 60-day DL with surgery on right elbow
2014-03-29,Tigers,• Jose Iglesias,placed on 60-day DL with stress fracture in both shins
2014-03-30,Cubs,• James McDonald (a),placed on 60-day DL with right shoulder inflammation
2014-03-30,Mets,• Matt Harvey,"placed on 60-day DL recovering from ligament replacement (""Tommy John"") surgery on right elbow"
2014-03-30,Orioles,• Edgmer Escalona,placed on 60-day DL with right shoulder inflammation/impingement
2014-03-30,Rangers,• Geovany Soto,placed on 60-day DL recovering from surgery on right knee
2014-03-30,Reds,• Brett Marshall,placed on 60-day DL with strained tendon in right middle finger
2014-03-30,Reds,• Jack Hannahan,placed on 60-day DL recovering from surgery on right shoulder
2014-04-02,Braves,• Cory Gearrin,transferred to 60-day DL with sprained right elbow
2014-04-02,Padres,• Joe Wieland,"transferred to 60-day DL recovering from ligament replacement (""Tommy John"") surgery on right elbow"
2014-04-04,Diamondbacks,• Patrick Corbin,"transferred to 60-day DL recovering from ligament replacement (""Tommy John"") surgery on left elbow"
2014-04-07,Orioles,• Nolan Reimold,transferred to 60-day DL recovering from cervical spine fusion surgery
2014-04-07,Red Sox,• Steven Wright,transferred to 60-day DL recovering from surgery to repair sports hernia
2014-04-12,Rangers,• Jurickson Profar,transferred to 60-day DL with torn muscle in right shoulder
2014-04-12,Nationals,• Jeff Kobernus (Gilbert),placed on 60-day DL with fractured left hand
2014-04-13,Angels,• Brian Moran,transferred to 60-day DL with surgery on left elbow
2014-04-14,Diamondbacks,• David Hernandez (Jose),"transferred to 60-day DL recovering from ligament replacement (""Tommy John"") surgery on right elbow"
2014-04-15,Yankees,• Francisco Cervelli,transferred to 60-day DL with strained right hamstring
2014-04-16,Angels,• Ryan Brasier,transferred to 60-day DL with strained right elbow
2014-04-18,Blue Jays,• Maicer Izturis,transferred to 60-day DL with surgery on left knee to repair torn ligament
2014-04-21,Tigers,• Andy Dirks,transferred to 60-day DL recovering from surgery on back
2014-04-24,Yankees,• Ivan Nova,transferred to 60-day DL with surgery to repair torn ulnar collateral ligament in right elbow
2014-04-25,Padres,• Josh Johnson (Michael),transferred to 60-day DL with strained flexor in right forearm
2014-04-25,Rockies,• Brett Anderson (Franklin),transferred to 60-day DL with fractured left index finger
2014-04-27,White Sox,• Avisail Garcia,transferred to 60-day DL with surgery on left shoulder to repair torn labrum
2014-04-30,Dodgers,• Chad Billingsley,"transferred to 60-day DL recovering from ligament replacement (""Tommy John"") surgery on right elbow"
2014-05-02,Astros,• Jesse Crain,transferred to 60-day DL recovering from surgery on right biceps
2014-05-03,Blue Jays,• Brandon Morrow,placed on 60-day DL with torn tendon sheath in right hand
2014-05-03,Cubs,• Kyuji Fujikawa,"transferred to 60-day DL recovering from ligament replacement (""Tommy John"") surgery on right elbow (out indefinitely) (date approximate)"
2014-05-03,White Sox,• Nate Jones (Andrew),transferred to 60-day DL with strained left hip
2014-05-04,Athletics,• A.J. Griffin,"transferred to 60-day DL with ligament replacement (""Tommy John"") surgery on right elbow"
2014-05-05,Rockies,• Tyler Chatwood,transferred to 60-day DL with strained right elbow
2014-05-07,Rangers,• Pedro Figueroa (Jose) (b. 1985-11-23),transferred to 60-day DL with torn ulnar collateral ligament in left elbow
2014-05-10,Giants,• Marco Scutaro,transferred to 60-day DL with strained lower back
2014-05-14,Mets,• Bobby Parnell,"transferred to 60-day DL recovering from ligament replacement (""Tommy John"") surgery on right elbow"
2014-05-15,Reds,• Mat Latos,transferred to 60-day DL recovering from surgery on left knee
2014-05-16,Nationals,• Eury Perez,placed on 60-day DL with fractured left toe
2014-05-18,Athletics,• Jake Elmore,transferred to 60-day DL with strained left quadriceps
2014-05-20,Rangers,• Martin Perez,transferred to 60-day DL with left elbow inflammation
2014-05-22,Indians,• Nyjer Morgan,transferred to 60-day DL with sprained right knee
2014-05-22,Marlins,• Rafael Furcal,transferred to 60-day DL with strained left hamstring
2014-05-27,Rays,• Matt Moore,"transferred to 60-day DL recovering from ligament replacement (""Tommy John"") surgery on left elbow"
2014-05-30,Mariners,• Blake Beavan,transferred to 60-day DL with right shoulder tendinitis
2014-06-01,Diamondbacks,• Matt Reynolds (Paul),"transferred to 60-day DL recovering from ligament replacement (""Tommy John"") surgery on left elbow"
2014-06-01,Marlins,• Jose Fernandez (D.),"transferred to 60-day DL recovering from ligament replacement (""Tommy John"") surgery on right elbow"
2014-06-01,Rays,• Tim Beckham,transferred to 60-day DL recovering from surgery on right knee to repair torn ACL
2014-06-02,Royals,• Luke Hochevar,"transferred to 60-day DL with ligament replacement (""Tommy John"") surgery on left elbow"
2014-06-03,Angels,• Sean Burnett,"transferred to 60-day DL recovering from ligament replacement (""Tommy John"") surgery on left elbow"
2014-06-03,Yankees,• Michael Pineda,transferred to 60-day DL with strained muscle in right shoulder
2014-06-04,Marlins,• Carter Capps,transferred to 60-day DL with sprained right elbow
2014-06-05,Red Sox,• Ryan Lavarnway,transferred to 60-day DL with fractured left wrist
2014-06-05,Red Sox,,activated from 60-day DL
2014-06-06,Dodgers,• Chris Withrow,transferred to 60-day DL with torn ulnar collateral ligament in right elbow
2014-06-06,Orioles,• Michael Almanzar,transferred to 60-day DL with patellar tendinitis in left knee
2014-06-09,Mariners,• James Paxton,transferred to 60-day DL with strained left latissimus dorsi muscle in back
2014-06-09,Orioles,• Johan Santana,transferred to 60-day DL recovering from surgery on left shoulder
2014-06-10,Rangers,• Matt Harrison (Reid),transferred to 60-day DL with lower back inflammation
2014-06-12,Marlins,,activated from 60-day DL
2014-06-14,Reds,,activated from 60-day DL (CBS E) / 15-day DL (SN)
2014-06-16,Athletics,,activated from 60-day DL
2014-06-17,Yankees,,activated from 60-day DL
2014-06-19,Diamondbacks,• Daniel Hudson,"transferred to 60-day DL recovering from ligament replacement (""Tommy John"") surgery on right elbow"
2014-06-19,Twins,• Mike Pelfrey,transferred to 60-day DL with strained left groin
2014-06-20,Astros,• Jose Cisnero,transferred to 60-day DL with right elbow injury (surgery)
2014-06-20,Rangers,• Prince Fielder,transferred to 60-day DL with herniated disc in neck (surgery)
2014-06-20,Reds,• Sean Marshall,transferred to 60-day DL with strained left shoulder
2014-06-20,Reds,• Trevor Bell,transferred to 60-day DL with right elbow inflammation
2014-06-20,Reds,,activated from 60-day DL
2014-06-21,Rockies,• Michael Cuddyer,transferred to 60-day DL with strained left shoulder
2014-06-21,Royals,• Bruce Chen,transferred to 60-day DL with inflamed disc in lower back
2014-06-21,Tigers,• Luke Putkonen,transferred to 60-day DL with right elbow inflammation (surgery)
2014-06-22,Orioles,,activated from 60-day DL
2014-06-23,Padres,• Casey Kelly,"transferred to 60-day DL recovering from ligament replacement (""Tommy John"") surgery on right elbow"
2014-06-24,Royals,,activated from 60-day DL
2014-06-25,Cardinals,• Joe Kelly (William),transferred to 60-day DL with strained left hamstring
2014-06-25,Nationals,,activated from 60-day DL
2014-06-25,Rockies,• Christian Bergman,transferred to 60-day DL with fractured left hand/thumb
2014-06-26,Padres,• Robbie Erlin,transferred to 60-day DL with sore left elbow
2014-06-29,Diamondbacks,• Eric Chavez,transferred to 60-day DL with sprained left knee
2014-06-30,Orioles,,activated from 60-day DL
2014-07-01,Yankees,• C.C. Sabathia,transferred to 60-day DL with sore right knee / fluid in right knee
2014-07-01,Orioles,,activated from 60-day DL
2014-07-02,Padres,• Troy Patton,transferred to 60-day DL with sore left shoulder
2014-07-02,Phillies,• (Jon) Mike Adams,transferred to 60-day DL with inflammation in right rotator cuff / labrum
2014-07-02,Phillies,,activated from 60-day DL
2014-07-03,Athletics,,activated from 60-day DL
2014-07-04,Rockies,• Jhoulys Chacin,transferred to 60-day DL with right shoulder inflammation
2014-07-10,Phillies,• Cliff Lee (Phifer),transferred to 60-day DL with strained left elbow
2014-07-11,Cardinals,• Jaime Garcia (Omar),transferred to 60-day DL with surgery on left shoulder
2014-07-11,Cardinals,,activated from 60-day DL
2014-07-11,Giants,,activated from 60-day DL
2014-07-12,Indians,• Jason Giambi,transferred to 60-day DL with left knee inflammation
2014-07-13,Rockies,• Jordan Lyles,transferred to 60-day DL with fractured left hand
2014-07-13,Rockies,,activated from 60-day DL
2014-07-17,Rays,• Wil Myers,transferred to 60-day DL with fractured right wrist
2014-07-17,Rangers,,activated from 60-day DL
2014-07-19,Marlins,• Rafael Furcal,transferred to 60-day DL with torn left hamstring
2014-07-19,Tigers,• Joel Hanrahan,"transferred to 60-day DL recovering from ligament replacement (""Tommy John"") surgery on right elbow"
2014-07-20,White Sox,• Felipe Paulino Del Guidice / Felipe Paulino,transferred to 60-day DL with right rotator cuff inflammation
2014-07-21,Brewers,• Jim Henderson,transferred to 60-day DL with right shoulder inflammation
2014-07-21,Phillies,,activated from 60-day DL
2014-07-23,Mariners,,activated from 60-day DL
2014-07-24,Rangers,• Mitch Moreland,transferred to 60-day DL with surgery on left ankle to repair impingement
2014-07-25,Astros,• Matt Albers,transferred to 60-day DL with right shoulder tendinitis
2014-07-25,Rangers,• Kevin Kouzmanoff,transferred to 60-day DL recovering from surgery on back to repair herniated disc
2014-07-25,Nationals,,activated from 60-day DL
2014-07-25,Rangers,,activated from 60-day DL
2014-07-25,Nationals,• Matt Purke,"placed on 60-day DL recovering from ligament replacement (""Tommy John"") surgery on elbow"
2014-07-27,Reds,,activated from 60-day DL
2014-07-29,Dodgers,,activated from 60-day DL
2014-07-30,Cardinals,• Michael Wacha,transferred to 60-day DL with stress reaction in right shoulder
2014-07-30,Diamondbacks,,activated from 60-day DL
2014-07-31,Braves,• Gavin Floyd,transferred to 60-day DL with fractured right elbow
2014-07-31,Brewers,• Tyler Thornburg,transferred to 60-day DL with sore right elbow
2014-08-02,Mariners,,activated from 60-day DL
2014-08-03,Rangers,• Alexi Ogando,transferred to 60-day DL with right elbow inflammation
2014-08-04,Dodgers,• Paul Maholm,transferred to 60-day DL with torn ACL in right knee
2014-08-05,Indians,,activated from 60-day DL
2014-08-05,Nationals,• Taylor Jordan,placed on 60-day DL with sore right elbow
2014-08-06,Cubs,,activated from 60-day DL
2014-08-06,Rockies,,activated from 60-day DL
2014-08-10,Angels,• Tyler Skaggs,"transferred to 60-day DL recovering from ligament replacement (""Tommy John"") surgery on left elbow"
2014-08-10,Padres,,activated from 60-day DL
2014-08-10,Rays,,activated from 60-day DL
2014-08-13,Orioles,• Matt Wieters,"transferred to 60-day DL with ligament replacement (""Tommy John"") surgery on right elbow"
2014-08-13,Yankees,,activated from 60-day DL
2014-08-14,Red Sox,,activated from 60-day DL
2014-08-16,Reds,• Joey Votto,transferred to 60-day DL with strained left quadriceps
2014-08-16,Rockies,• Brett Anderson (Franklin),transferred to 60-day DL with strained lower back (surgery)
2014-08-16,Rockies,,activated from 60-day DL
2014-08-16,White Sox,,activated from 60-day DL
2014-08-18,Padres,,activated from 60-day DL
2014-08-19,Rockies,• Troy Tulowitzki,transferred to 60-day DL recovering from surgery on left hip
2014-08-20,Rays,• Jerry Sands,transferred to 60-day DL with strained left wrist
2014-08-20,Rays,,activated from 60-day DL
2014-08-21,Angels,• Garrett Richards,placed on 60-day DL recovering from surgery on left knee to repair torn patellar tendon
2014-08-23,Nationals,• Nate McLouth,transferred to 60-day DL with surgery on right shoulder to repair labrum
2014-08-24,Athletics,• Kyle Blanks,transferred to 60-day DL with strained left calf
2014-08-24,Rockies,• Carlos Gonzalez (Eduardo),transferred to 60-day DL with left knee patella tendinitis
2014-08-24,Rockies,,activated from 60-day DL
2014-08-28,Royals,• Michael Mariot,placed on 60-day DL with strained right hamstring
2014-08-30,Astros,• Josh Zeid,transferred to 60-day DL recovering from surgery on left foot to repair bilateral sesamoiditis
2014-08-30,Rangers,,activated from 60-day DL
2014-08-31,Rangers,• Tanner Scheppers,transferred to 60-day DL with right elbow inflammation
2014-09-01,Brewers,• Jeff Bianchi,transferred to 60-day DL with strained right elbow
2014-09-01,Giants,• Ehire Adrianza,transferred to 60-day DL with strained right hamstring
2014-09-01,Giants,• Hector Sanchez,transferred to 60-day DL with concussion
2014-09-01,Giants,• Marco Scutaro,transferred to 60-day DL with strained lower back
2014-09-01,Giants,• Matt Cain,transferred to 60-day DL with surgery on right elbow
2014-09-01,Mariners,• Willie Bloomquist,transferred to 60-day DL with surgery on right knee
2014-09-01,Marlins,• Kevin Gregg,transferred to 60-day DL with surgery on right elbow
2014-09-01,Padres,• Carlos Quentin,transferred to 60-day DL with sore left knee
2014-09-01,Padres,• Yonder Alonso,transferred to 60-day DL with strained right forearm
2014-09-01,Reds,• Homer Bailey,transferred to 60-day DL with strained flexor tendon in right elbow
2014-09-01,Rockies,• Boone Logan,transferred to 60-day DL with left elbow inflammation
2014-09-01,Diamondbacks,,activated from 60-day DL
2014-09-01,Indians,,activated from 60-day DL
2014-09-01,Marlins,,activated from 60-day DL
2014-09-01,Marlins,,activated from 15-day / 60-day (MLB) DL
2014-09-01,Tigers,• Drew VerHagen,placed on 60-day DL with stress reaction in spine
2014-09-02,Blue Jays,• Brett Lawrie,transferred to 60-day DL with strained left oblique
2014-09-02,Cubs,• Justin Ruggiano,transferred to 60-day DL with surgery on left ankle
2014-09-02,Orioles,• Manny Machado,transferred to 60-day DL with surgery on right knee
2014-09-02,Phillies,• Cliff Lee (Phifer),transferred to 60-day DL with strained left flexor
2014-09-02,Yankees,• Masahiro Tanaka,transferred to 60-day DL with right elbow inflammation
2014-09-02,Blue Jays,,activated from 60-day DL
2014-09-02,Padres,• Ryan Jackson (Christopher),placed on 60-day DL with strained right wrist
2014-09-02,Padres,,activated from 60-day DL (CBC SN)
2014-09-02,Padres,,activated from 60-day DL
2014-09-02,Phillies,,activated from 60-day DL
2014-09-02,Yankees,• Zachary Heathcott / Slade Heathcott,placed on 60-day DL with surgery on right knee
2014-09-03,Cubs,• Ryan Sweeney,transferred to 60-day DL with strained left hamstring
2014-09-04,Cardinals,• Shane Robinson,transferred to 60-day DL with surgery on left shoulder
2014-09-04,Rangers,• Shin-Soo Choo,transferred to 60-day DL with bone spur in left elbow
2014-09-04,Cardinals,,activated from 60-day DL
2014-09-05,Phillies,• Mario Hollands,placed on 60-day DL with strained flexor in left elbow
2014-09-06,Dodgers,• Josh Beckett,transferred to 60-day DL with left hip impingement
2014-09-07,Rangers,• Yu Darvish,transferred to 60-day DL with right elbow inflammation
2014-09-08,Red Sox,• Shane Victorino,transferred to 60-day DL with surgery on lower back
2014-09-15,Diamondbacks,• Bronson Arroyo,"transferred to 60-day DL recovering from ligament replacement (""Tommy John"") surgery on right elbow"
2014-09-16,Yankees,• Martin Prado,placed on 60-day DL with appendectomy
2014-09-16,Dodgers,• Stephen Fife,"placed on 60-day DL recovering from ligament replacement (""Tommy John"") surgery on right elbow"
2014-09-21,Yankees,,activated from 60-day DL
2014-09-24,Pirates,• Charlie Morton,placed on 60-day DL with sports hernia
2014-09-27,Rockies,• Jackson Williams,placed on 60-day DL with surgery on right knee to repair torn meniscus
2014-09-28,Blue Jays,• Chad Jenkins,transferred to 60-day DL with fractured right hand
2014-09-28,Blue Jays,• Melky Cabrera,transferred to 60-day DL recovering from surgery on fractured right pinky finger
2014-10-02,Brewers,,activated from 60-day DL
2014-10-06,Rangers,,activated from 60-day DL
2014-10-06,Rangers,,activated from 60-day DL
2014-10-06,Rangers,,activated from 60-day DL
2014-10-13,Dodgers,,activated from 60-day DL
2014-10-17,Reds,,activated from 60-day DL
2014-10-24,Phillies,,activated from 60-day DL
2014-10-24,Phillies,,activated from 60-day DL
2014-10-25,Pirates,,activated from 60-day DL
2014-10-27,Angels,,activated from 60-day DL
2014-10-28,Nationals,,activated from 60-day DL
2014-10-29,Cubs,,activated from 60-day DL
2014-10-30,Angels,,activated from 60-day DL
2014-10-30,Angels,,activated from 60-day DL
2014-10-30,Astros,,activated from 60-day DL
2014-10-30,Astros,,activated from 60-day DL
2014-10-30,Athletics,,activated from 60-day DL
2014-10-30,Athletics,,activated from 60-day DL
2014-10-30,Athletics,,activated from 60-day DL
2014-10-30,Blue Jays,,activated from 60-day DL
2014-10-30,Braves,,activated from 60-day DL
2014-10-30,Diamondbacks,,activated from 60-day DL
2014-10-30,Diamondbacks,,activated from 60-day DL
2014-10-30,Diamondbacks,,activated from 60-day DL
2014-10-30,Diamondbacks,,activated from 60-day DL
2014-10-30,Dodgers,,activated from 60-day DL
2014-10-30,Dodgers,,activated from 60-day DL
2014-10-30,Dodgers,,activated from 60-day DL
2014-10-30,Mariners,,activated from 60-day DL
2014-10-30,Marlins,,activated from 60-day DL
2014-10-30,Marlins,,activated from 60-day DL
2014-10-30,Marlins,,activated from 60-day DL
2014-10-30,Mets,,activated from 60-day DL
2014-10-30,Mets,,activated from 60-day DL
2014-10-30,Nationals,,activated from 60-day DL
2014-10-30,Orioles,,activated from 60-day DL
2014-10-30,Padres,,activated from 60-day DL
2014-10-30,Reds,,activated from 60-day DL
2014-10-30,Reds,,activated from 60-day DL
2014-10-30,Reds,,activated from 60-day DL
2014-10-30,Royals,,activated from 60-day DL
2014-10-30,Royals,,activated from 60-day DL
2014-10-30,Tigers,,activated from 60-day DL
2014-10-30,Twins,,activated from 60-day DL
2014-10-30,White Sox,,activated from 60-day DL
2014-10-31,Blue Jays,,activated from 60-day DL
2014-10-31,Braves,,activated from 60-day DL
2014-10-31,Braves,,activated from 60-day DL
2014-10-31,Braves,,activated from 60-day DL
2014-10-31,Braves,,activated from 60-day DL
2014-10-31,Cardinals,,activated from 60-day DL
2014-10-31,Cardinals,,activated from 60-day DL
2014-10-31,Nationals,,activated from 60-day DL
2014-10-31,Nationals,,activated from 60-day DL
2014-10-31,Nationals,,activated from 60-day DL
2014-10-31,Red Sox,,activated from 60-day DL
2014-10-31,Tigers,,activated from 60-day DL
2014-10-31,Tigers,,activated from 60-day DL
2014-10-31,Tigers,,activated from 60-day DL
2014-10-31,Tigers,,activated from 60-day DL
2014-10-31,Yankees,,activated from 60-day DL
2014-10-31,Yankees,,activated from 60-day DL
2014-10-31,Yankees,,activated from 60-day DL
2014-10-31,Yankees,,activated from 60-day DL
2014-11-01,Blue Jays,,activated from 60-day DL
2014-11-01,Blue Jays,,activated from 60-day DL
2014-11-01,Blue Jays,,activated from 60-day DL
2014-11-01,Rockies,,activated from 60-day DL
2014-11-02,Astros,,activated from 60-day DL
2014-11-02,Giants,,activated from 60-day DL
2014-11-02,Giants,,activated from 60-day DL
2014-11-02,Giants,,activated from 60-day DL
2014-11-03,Padres,,activated from 60-day DL
2014-11-03,Angels,,activated from 60-day DL
2014-11-03,Angels,,activated from 60-day DL
2014-11-03,Angels,,activated from 60-day DL
2014-11-03,Astros,,activated from 60-day DL
2014-11-03,Brewers,,activated from 60-day DL
2014-11-03,Brewers,,activated from 60-day DL
2014-11-03,Cubs,,activated from 60-day DL
2014-11-03,Cubs,,activated from 60-day DL
2014-11-03,Dodgers,,activated from 60-day DL
2014-11-03,Dodgers,,activated from 60-day DL
2014-11-03,Giants,,activated from 60-day DL
2014-11-03,Orioles,,activated from 60-day DL
2014-11-03,Orioles,,activated from 60-day DL
2014-11-03,Padres,,activated from 60-day DL
2014-11-03,Padres,,activated from 60-day DL
2014-11-03,Padres,,activated from 60-day DL
2014-11-03,Padres,,activated from 60-day DL
2014-11-03,Rangers,,activated from 60-day DL
2014-11-03,Rangers,,activated from 60-day DL
2014-11-03,Rangers,,activated from 60-day DL
2014-11-03,Rangers,,activated from 60-day DL
2014-11-03,Rangers,,activated from 60-day DL
2014-11-03,Rangers,,activated from 60-day DL
2014-11-03,Rangers,,activated from 60-day DL
2014-11-03,Rangers,,activated from 60-day DL
2014-11-03,Rangers,,activated from 60-day DL
2014-11-03,Rays,,activated from 60-day DL
2014-11-03,Rays,,activated from 60-day DL
2014-11-03,Rockies,,activated from 60-day DL
2014-11-03,Rockies,,activated from 60-day DL
2014-11-03,Rockies,,activated from 60-day DL
2014-11-03,Rockies,,activated from 60-day DL
2014-11-03,Rockies,,activated from 60-day DL
2014-11-03,White Sox,,activated from 60-day DL
2015-02-20,Braves,• Shae Simmons,"placed on 60-day DL recovering from ligament replacement (""Tommy John"") surgery on right elbow"
2015-02-21,Dodgers,• Chris Withrow,"placed on 60-day DL recovering from ligament replacement (""Tommy John"") surgery on right elbow"
2015-02-23,Dodgers,• Brandon Beachy,"placed on 60-day DL recovering from ligament replacement (""Tommy John"") surgery on right elbow"
2015-02-24,Rangers,• Jurickson Profar,placed on 60-day DL recovering from surgery on right shoulder
2015-02-26,Athletics,• Taylor Thompson,placed on 60-day DL with strained right shoulder
2015-02-27,Athletics,• A.J. Griffin,"placed on 60-day DL recovering from ligament replacement (""Tommy John"") surgery on right elbow"
2015-03-01,Rockies,• Tyler Chatwood,"placed on 60-day DL recovering from ligament replacement (""Tommy John"") surgery on right elbow"
2015-03-07,Royals,• Kris Medlen,placed on 60-day DL recovering from surgery on right elbow
2015-03-11,Rangers,• Martin Perez,placed on 60-day DL recovering from ligament reconstruction surgery on left elbow
2015-03-16,Phillies,• Cliff Lee (Phifer),placed on 60-day DL with left forearm injury
2015-03-26,Padres,• Tim Federowicz,placed on 60-day DL with recovering from surgery on right knee to repair torn meniscus
2015-03-27,White Sox,• Nate Jones (Andrew),placed on 60-day DL with recovering from surgery on right elbow
2015-03-30,Red Sox,• Christian Vazquez (Rafael),placed on 60-day DL with sprained right elbow
2015-04-02,Rangers,• Antoan Richardson,placed on 60-day DL recovering from surgery to repair herniated disc in back
2015-04-04,Angels,• Cory Rasmus,placed on 15-day (CBC MLB SN) / 60-day DL with core muscle surgery
2015-04-04,Diamondbacks,• Bronson Arroyo,"placed on 60-day DL recovering from ligament replacement (""Tommy John"") surgery on right elbow"
2015-04-05,Blue Jays,• Marcus Stroman,placed on 60-day DL recovering from surgery on left / right knee to repair torn ACL
2015-04-05,Braves,• Dan Winkler / Danny Winkler,"placed on 60-day DL recovering from ligament replacement (""Tommy John"") surgery on elbow"
2015-04-05,Braves,• Shae Simmons,placed on 60-day DL
2015-04-05,Indians,• Gavin Floyd,placed on 60-day DL with fractured right elbow (surgery)
2015-04-05,Phillies,• Mario Hollands,placed on 60-day DL with strained flexor tendon in left elbow/forearm
2015-04-05,Rangers,• Yu Darvish,"placed on 60-day DL recovering from ligament replacement (""Tommy John"") surgery on right elbow (out for season)"
2015-04-05,Rays,• Matt Moore,"placed on 60-day DL recovering from ligament replacement (""Tommy John"") surgery on left elbow"
2015-04-05,Reds,• Jason Bourgeois,placed on 60-day DL with fractured left shoulder
2015-04-05,Reds,• Sean Marshall,placed on 60-day DL recovering from surgery on left shoulder
2015-04-06,Braves,• Josh Outman,placed on 60-day DL with surgery on left shoulder / sore left shoulder (CBS MLB)
2015-04-06,Mets,• Josh Edgin,"transferred to 60-day DL recovering from ligament replacement (""Tommy John"") surgery on left elbow"
2015-04-08,Rays,• Burch Smith,"placed on 60-day DL recovering from ligament replacement (""Tommy John"") surgery on right elbow"
2015-04-09,Rangers,• Matt Harrison (Reid),transferred to 60-day DL recovering from spinal fusion surgery
2015-04-10,Indians,• Josh Tomlin,transferred to 60-day DL recovering from surgery on right shoulder
2015-04-10,Padres,• Cory Luebke,"transferred to 60-day DL recovering from ligament replacement (""Tommy John"") surgery on left elbow"
2015-04-11,Rangers,• Derek Holland,placed on 60-day DL with left shoulder injury / strained right shoulder (CBS) / strained left shoulder (MLB)
2015-04-11,Rangers,• Lisalverto Bonilla,transferred to 60-day DL with right elbow impingement
2015-04-11,Yankees,• Ivan Nova,"transferred to 60-day DL recovering from ligament replacement (""Tommy John"") surgery on right elbow"
2015-04-12,Rockies,• Charlie Culberson (Edward) (b. 1989-04-10),transferred to 60-day DL with lumbar disc inflammation
2015-04-13,Marlins,• Aaron Crow,transferred to 60-day DL with surgery on right elbow
2015-04-15,Angels,• Tyler Skaggs,"transferred to 60-day DL recovering from ligament replacement (""Tommy John"") surgery on left elbow"
2015-04-18,Marlins,• Jose Fernandez (D.),"transferred to 60-day DL recovering from ligament replacement (""Tommy John"") surgery on right elbow"
2015-04-19,Cubs,• Jacob Turner,transferred to 60-day DL strained flexor tendon in right elbow (CBS) / right shoulder inflammation (CBC MLB) (out for season)
2015-04-20,Mets,• Zack Wheeler,"transferred to 60-day DL recovering from ligament replacement (""Tommy John"") surgery on right elbow"
2015-04-21,Cubs,• Mike Olt,transferred to 60-day DL with fractured right wrist
2015-04-21,Diamondbacks,• Gerald Laird,transferred to 60-day DL with lower back spasms
2015-04-22,Angels,• Cory Rasmus,transferred to 60-day DL with core muscle surgery
2015-04-22,Rays,• Jeff Beliveau,transferred to 60-day DL with torn labrum in left shoulder
2015-04-26,Dodgers,• Brandon League,transferred to 60-day DL with right shoulder impingement / sore right shoulder
2015-04-27,Phillies,• Jonathan Pettibone,transferred to 60-day DL recovering from surgery on right shoulder
2015-04-27,Rangers,• Nick Tepesch,transferred to 60-day DL with ulnar nerve imflammation in right arm
2015-04-27,Rays,• John Jaso,transferred to 60-day DL with bruised left wrist
2015-04-29,Reds,• Homer Bailey,"transferred to 60-day DL recovering from ligament replacement (""Tommy John"") surgery on right elbow"
2015-04-30,Cardinals,• Adam Wainwright,transferred to 60-day DL with torn left Achilles tendon
2015-04-30,Dodgers,• Brandon McCarthy,"transferred to 60-day DL recovering from ligament replacement (""Tommy John"") surgery on right elbow (out for season)"
2015-05-01,Blue Jays,• Maicer Izturis,transferred to 60-day DL with strained right groin
2015-05-01,Cardinals,• Tommy Pham,transferred to 60-day DL with strained left quadricep
2015-05-02,Braves,• Mike Minor,transferred to 60-day DL with left rotator cuff inflammation
2015-05-03,Red Sox,• Ryan Hanigan,transferred to 60-day DL with fractured right hand
2015-05-04,Dodgers,• Hyun Jin Ryu / Hyun-Jin Ryu,transferred to 60-day DL recovering from surgery on left shoulder
2015-05-05,Mets,• Cesar Puello,transferred to 60-day DL with stress fracture in lower back
2015-05-05,Rangers,• Ryan Rua,transferred to 60-day DL with sprained right ankle
2015-05-07,Royals,• Tim Collins (Michael),"transferred to 60-day DL recovering from ligament replacement (""Tommy John"") surgery on left elbow"
2015-05-08,Rays,• Alex Cobb,"transferred to 60-day DL recovering from ligament replacement (""Tommy John"") surgery on right elbow"
2015-05-08,Tigers,• Joe Nathan,"transferred to 60-day DL recovering from ligament replacement (""Tommy John"") surgery on right elbow"
2015-05-09,Athletics,• Jarrod Parker (Brent),"transferred to 60-day DL recovering from ligament replacement (""Tommy John"") surgery on right elbow / fractured right elbow (MLB)"
2015-05-10,Diamondbacks,• Patrick Corbin,"transferred to 60-day DL recovering from ligament replacement (""Tommy John"") surgery on left elbow"
2015-05-10,Orioles,• Matt Wieters,"transferred to 60-day DL recovering from ligament replacement (""Tommy John"") surgery on right elbow"
2015-05-13,Rays,• Todd Smyly / Drew Smyly,transferred to 60-day DL with torn labrum in left shoulder
2015-05-14,Rockies,• Adam Ottavino,"transferred to 60-day DL with right triceps inflammation / recovering from ligament replacement (""Tommy John"") surgery on right elbow (MLB)"
2015-05-16,Pirates,• Brandon Cumpton,"transferred to 60-day DL recovering from ligament replacement (""Tommy John"") surgery on right elbow"
2015-05-16,Royals,• Brian Flynn,placed on 60-day DL with torn left latissimus dorsi
2015-05-18,Astros,• Jed Lowrie,transferred to 60-day DL with torn ligament in right thumb
2015-05-19,Pirates,• Justin Sellers,transferred to 60-day DL with sore left Achilles
2015-05-20,Yankees,• Chase Whitley,"transferred to 60-day DL recovering from ligament replacement (""Tommy John"") surgery on right elbow"
2015-05-22,Athletics,• Tyler Ladendorf,placed on 60-day DL recovering from surgery on left ankle
2015-05-23,Nationals,• Josh Johnson (Rashaad),transferred to 60-day DL with strained right elbow
2015-05-24,Orioles,• Dequam Wright / Wesley Wright,transferred to 60-day DL with strained left shoulder / left shoulder inflammation (CBS)
2015-05-24,Yankees,• Brendan Ryan,transferred to 60-day DL with strained right calf
2015-05-27,Red Sox,• Anthony Varvaro,transferred to 60-day DL recovering from surgery on right elbow
2015-05-29,Diamondbacks,• Oscar Hernandez (Eduardo),transferred to 60-day DL with fractured left hand/wrist
2015-06-01,Dodgers,• Carl Crawford,transferred to 60-day DL with strained right oblique muscle
2015-06-03,Red Sox,• Brandon Workman,"transferred to 60-day DL recovering from ligament replacement (""Tommy John"") surgery on right elbow"
2015-06-05,Athletics,• Covelli Crisp / Coco Crisp,transferred to 60-day DL with cervical strain
2015-06-05,Cardinals,• Matt Adams,transferred to 60-day DL with strained/torn right quadriceps
2015-06-05,Cardinals,,activated from 60-day DL
2015-06-05,Orioles,,activated from 60-day DL
2015-06-06,Nationals,• Craig Stammen,transferred to 60-day DL with torn flexor tendon in right forearm
2015-06-06,Rockies,,activated from 60-day DL
2015-06-10,Yankees,,activated from 60-day DL
2015-06-11,Nationals,• Nate McLouth,transferred to 60-day DL recovering from surgery on right shoulder to repair labrum
2015-06-13,Athletics,• Sean Doolittle,transferred to 60-day DL with strained left shoulder
2015-06-13,Mets,• Jerry Blevins,transferred to 60-day DL with fractured left forearm
2015-06-13,Athletics,,activated from 60-day DL
2015-06-16,Orioles,• Jonathan Schoop,transferred to 60-day DL with torn ligament in right knee
2015-06-16,Reds,• Zack Cozart,transferred to 60-day DL with surgery on right knee to repair torn ligaments
2015-06-17,Rockies,• Jordan Lyles,transferred to 60-day DL with sprained left big toe
2015-06-17,Giants,• Marco Scutaro,placed on 60-day DL with surgery on back
2015-06-19,Rangers,,activated from 60-day DL
2015-06-20,Orioles,• Jason Garcia,transferred to 60-day DL with right shoulder tendinitis
2015-06-21,Yankees,• Sergio Santos,"transferred to 60-day DL recovering from ligament replacement (""Tommy John"") surgery on right elbow (out for season)"
2015-06-24,Padres,• Brandon Morrow,transferred to 60-day DL with right shoulder inflammation
2015-06-24,Yankees,,activated from 60-day DL
2015-06-26,Nationals,• Reed Johnson,transferred to 60-day DL with torn tendon in left calf
2015-06-26,Pirates,• Andrew Lambo,transferred to 60-day DL with plantar fasciitis in left foot
2015-06-28,Rays,• Desmond Jennings,transferred to 60-day DL with surgery on left knee
2015-06-28,Reds,• Jon Moscot,transferred to 60-day DL with surgery to repair dislocated left shoulder
2015-06-28,Yankees,• Zachary Heathcott / Slade Heathcott,transferred to 60-day DL with strained right quadriceps
2015-06-28,Reds,,activated from 60-day DL
2015-06-30,Cardinals,• Jordan Walden,transferred to 60-day DL with right biceps inflammation
2015-07-02,Astros,• Brad Peacock,transferred to 60-day DL with strained left intercostal
2015-07-02,Dodgers,,activated from 60-day DL
2015-07-02,Marlins,,activated from 60-day DL
2015-07-02,Rays,,activated from 60-day DL
2015-07-02,Red Sox,,activated from 60-day DL
2015-07-03,Angels,• Collin Cowgill,transferred to 60-day DL with sprained right wrist
2015-07-03,Angels,,activated from 60-day DL
2015-07-03,Rangers,,activated from 60-day DL
2015-07-04,Cubs,• Tommy La Stella / Tommy LaStella,transferred to 60-day DL with strained right oblique / right rib cage inflammation
2015-07-04,Diamondbacks,• James Gosewisch / Tuffy Gosewisch,transferred to 60-day DL recovering from surgery on left knee to repair torn ACL
2015-07-04,Diamondbacks,,activated from 60-day DL
2015-07-04,Diamondbacks,,activated from 60-day DL
2015-07-04,Orioles,,activated from 60-day DL
2015-07-06,Dodgers,• Steven Rodriguez (F.) / Paco Rodriguez,transferred to 60-day DL with strained left elbow
2015-07-07,Mets,• Buddy Carlyle,transferred to 60-day DL with strained lower back / back spasms
2015-07-07,Rockies,• Justin Morneau,transferred to 60-day DL with concussion and cervical strain
2015-07-07,Twins,• Ricky Nolasco,transferred to 60-day DL with right ankle impingement
2015-07-07,Rays,,activated from 60-day DL
2015-07-10,Cubs,,activated from 60-day DL
2015-07-10,Rockies,• Tyler Anderson (John),placed on 60-day DL stress fracture in left elbow
2015-07-11,Yankees,• Mason Williams,transferred to 60-day DL with right shoulder inflammation
2015-07-11,Dodgers,,activated from 60-day DL
2015-07-13,Braves,• Jason Grilli,placed on 60-day DL with left Achilles injury
2015-07-13,Rangers,,activated from 60-day DL
2015-07-14,Orioles,,activated from 60-day DL
2015-07-17,Braves,• Jason Grilli,placed on 60-day DL with torn left Achilles tendon (CBC MLB SN)
2015-07-17,Rangers,,activated from 60-day DL
2015-07-20,Nationals,• Jayson Werth,transferred to 60-day DL with fractured left wrist
2015-07-20,Pirates,• Corey Hart,transferred to 60-day DL with left shoulder impingement
2015-07-20,Reds,• Devin Mesoraco,transferred to 60-day DL with surgery on left hip
2015-07-20,Royals,,activated from 60-day DL
2015-07-21,Dodgers,,activated from 60-day DL
2015-07-23,Diamondbacks,• Phil Gosselin,transferred to 60-day DL with fractured left thumb
2015-07-24,Cardinals,• Matt Belisle,transferred to 60-day DL with right elbow inflammation
2015-07-24,Mets,• David Wright (Allen),transferred to 60-day DL with spinal stenosis
2015-07-24,Mets,• Rafael Montero,transferred to 60-day DL with right rotator cuff inflammation
2015-07-25,Pirates,,activated from 60-day DL
2015-07-27,Mets,• Erik Goeddel,transferred to 60-day DL with strained right elbow
2015-07-28,Indians,• Nick Hagadone,transferred to 60-day DL with strained lower back / recovering from surgery on left elbow (MLB)
2015-07-28,Red Sox,• Clay Buchholz,transferred to 60-day DL with strained flexor in right elbow
2015-07-28,Nationals,,activated from 60-day DL
2015-07-30,Dodgers,• (David) Chris Hatcher,transferred to 60-day DL with strained left oblique
2015-07-30,Tigers,• Kyle Lobstein,transferred to 60-day DL with left shoulder inflammation / sore left shoulder (MLB SN)
2015-07-30,Astros,,activated from 60-day DL
2015-07-30,Dodgers,• Bronson Arroyo,"placed on 60-day DL recovering from ligament replacement (""Tommy John"") surgery on right elbow"
2015-07-31,Indians,,activated from 60-day DL
2015-07-31,Yankees,,activated from 60-day DL
2015-08-01,Padres,,activated from 60-day DL
2015-08-02,Twins,• Ryan Pressly,transferred to 60-day DL with strained right lat muscle
2015-08-03,Athletics,,activated from 60-day DL
2015-08-04,Braves,,activated from 60-day DL
2015-08-05,White Sox,,activated from 60-day DL
2015-08-06,Orioles,,activated from 60-day DL
2015-08-07,Astros,• Samuel Deduno / Sam Deduno,transferred to 60-day DL with strained lower back
2015-08-07,Rangers,• Kyle Blanks,transferred to 60-day DL with tendinitis in left and right Achilles (out for season)
2015-08-08,Padres,• Wil Myers,transferred to 60-day DL with left wrist inflammation/tendinitis / bone spurs in left wrist (CBS S)
2015-08-09,Athletics,,activated from 60-day DL
2015-08-11,Cubs,,activated from 60-day DL
2015-08-13,Yankees,• Diego Moreno,transferred to 60-day DL with right elbow inflammation
2015-08-14,Dodgers,• Carlos Frias,transferred to 60-day DL with tightness in lower back
2015-08-14,Dodgers,,activated from 60-day DL
2015-08-14,Rays,,activated from 60-day DL
2015-08-15,Rays,,activated from 60-day DL
2015-08-16,Angels,• C.J. Wilson,transferred to 60-day DL with left elbow inflammation
2015-08-19,Reds,• Nathan Adcock / Nate Adcock,"transferred to 60-day DL recovering from ligament replacement (""Tommy John"") surgery on right elbow"
2015-08-19,Rockies,• Michael McKenry,placed on 60-day DL with torn lateral meniscus in right knee
2015-08-19,Mets,,activated from 60-day DL
2015-08-19,Rangers,,activated from 60-day DL
2015-08-20,Diamondbacks,,activated from 60-day DL
2015-08-21,Nationals,• Aaron Barrett,transferred to 60-day DL with sprained right elbow
2015-08-21,Athletics,,activated from 60-day DL
2015-08-22,Athletics,• Ike Davis (Benjamin),transferred to 60-day DL with strained left hip
2015-08-22,Athletics,,activated from 60-day DL
2015-08-24,Mets,,activated from 60-day DL
2015-08-24,Mets,• John Leathersich / Jack Leathersich,"placed on 60-day DL with ligament replacement (""Tommy John"") surgery on elbow"
2015-08-25,Blue Jays,• Michael Saunders,transferred to 60-day DL with left knee inflammation
2015-08-26,Rays,• Grayson Garvin,placed on 60-day DL with torn left lat muscle in back
2015-08-30,Mets,• Wilfredo Tovar,placed on 60-day DL with concussion
2015-08-31,Diamondbacks,,activated from 60-day DL
2015-09-01,Athletics,• Jesse Hahn,transferred to 60-day DL with strained right forearm
2015-09-01,Nationals,• (Darrell) David Carpenter,transferred to 60-day DL with right shoulder inflammation
2015-09-01,Phillies,• Chad Billingsley,transferred to 60-day DL with strained flexor in right elbow
2015-09-01,Phillies,• Matt Harrison (Reid),transferred to 60-day DL with lower back inflammation
2015-09-01,Royals,• Jason Vargas,"transferred to 60-day DL recovering from ligament replacement (""Tommy John"") surgery on left elbow"
2015-09-01,Angels,,activated from 60-day DL
2015-09-01,Indians,,activated from 60-day DL
2015-09-01,Mets,,activated from 60-day DL
2015-09-01,Athletics,• A.J. Griffin,placed on 60-day DL with strained right shoulder
2015-09-01,Dodgers,• Josh Ravin,placed on 60-day DL with hernia
2015-09-01,Pirates,• Casey Sadler,placed on 60-day DL with right forearm injury / right elbow discomfort (CBS S)
2015-09-01,Rangers,• Alex Claudio,placed on 60-day DL with strained left groin
2015-09-01,Yankees,• Domingo German,"placed on 60-day DL with ligament replacement (""Tommy John"") surgery on elbow"
2015-09-02,Marlins,• Don Kelly,"transferred to 60-day DL with fractured right ring finger (CBS) / ligament replacement (""Tommy John"") surgery on elbow (MLB)"
2015-09-02,Pirates,• Deolis Guerra,transferred to 60-day DL with left (MLB) / right knee inflammation (S)
2015-09-03,Tigers,,activated from 60-day DL
2015-09-04,Indians,• Glenn House / T.J. House,transferred to 60-day DL with left shoulder inflammation
2015-09-04,Phillies,• Elvis Araujo,transferred to 60-day DL with strained left groin
2015-09-04,Padres,• Cory Mazzoni,placed on 60-day DL with strained right shoulder
2015-09-04,Padres,,activated from 60-day DL
2015-09-04,Rockies,,activated from 60-day DL
2015-09-06,Giants,• Andrew Susac,placed on 60-day DL with sprained right wrist
2015-09-06,Giants,• Tim Lincecum,transferred to 60-day DL with bruised right forearm / surgery on left hip (MLB)
2015-09-07,Yankees,• Jacob Lindgren,placed on 60-day DL with surgery on left elbow
2015-09-08,Giants,• Hector Sanchez,placed on 60-day DL with sprained left ankle (MLB) / strained left hamstring (CBC CBS)
2015-09-08,Mariners,• Charlie Furbush,transferred to 60-day DL with left biceps tendinitis / torn left rotator cuff (CBS MLB S)
2015-09-08,Marlins,• Henderson Alvarez,transferred to 60-day DL with surgery on right shoulder
2015-09-08,Diamondbacks,• Evan Marshall,placed on 60-day DL with fractured skull
2015-09-08,Mets,• Darrell Ceciliani,placed on 60-day DL with strained left hamstring
2015-09-09,Cardinals,,activated from 60-day DL
2015-09-10,Athletics,• Evan Scribner,placed on 60-day DL with torn lat mustlce in right shoulder
2015-09-10,Braves,,activated from 60-day DL
2015-09-11,Blue Jays,• Devon Travis,transferred to 60-day DL with strained left shoulder
2015-09-11,Red Sox,• Koji Uehara,transferred to 60-day DL with fractured right wrist
2015-09-11,Rockies,• Nick Hundley,placed on 60-day DL with cervical strain
2015-09-11,Blue Jays,,activated from 60-day DL
2015-09-12,Cardinals,,activated from 60-day DL
2015-09-13,Dodgers,,activated from 60-day DL
2015-09-14,Astros,• Scott Feldman,placed on 60-day DL with sprained right shoulder
2015-09-14,Padres,• Yonder Alonso,placed on 60-day DL with strained lower back
2015-09-14,Phillies,• Cesar Hernandez (Augusto),placed on 60-day DL with dislocated left thumb
2015-09-16,Athletics,• Jesse Chavez,placed on 60-day DL with fractured rib
2015-09-16,Giants,• Joe Panik,placed on 60-day DL with lower back discomfort
2015-09-17,Dodgers,,activated from 60-day DL (MLB)
2015-09-20,Athletics,• Kendall Graveman,transferred to 60-day DL with strained left oblique muscle
2015-09-21,Pirates,• Jung Ho Kang,placed on 60-day DL with torn MCL in left knee (CBC) / torn lateral meniscus in left knee and fractured left tibia (MLB)
2015-09-22,Brewers,• Jimmy Nelson,placed on 60-day DL with bruised head
2015-09-22,Brewers,• Michael Blazek,transferred to 60-day DL with fractured right hand
2015-09-23,Giants,• Juan Perez (Carlos),placed on 60-day DL with strained left oblique
2015-09-24,Orioles,• Dylan Bundy,placed on 60-day DL with strained right shoulder
2015-09-25,Twins,• Logan Darnell,placed on 60-day DL with pneumonia
2015-09-25,Twins,,activated from 60-day DL
2015-09-26,Nationals,• Denard Span,transferred to 60-day DL with hip left inflammation
2015-09-26,Nationals,,activated from 60-day DL
2015-09-27,Reds,• Kristopher Negron / Kris Negron,transferred to 60-day DL recovering from surgery to repair torn labrum in left shoulder
2015-09-28,Angels,• Rafael Lopez (Manuel) / Raffy Lopez,placed on 60-day DL with fractured left hand
2015-09-30,Cardinals,• Carlos Martinez (Ernesto),placed on 60-day DL with strained right shoulder
2015-09-30,Cardinals,,activated from 60-day DL
2015-10-07,Phillies,,activated from 60-day DL
2015-10-14,Rockies,,activated from 60-day DL
2015-10-21,Rangers,,activated from 60-day DL
2015-10-21,Rangers,,activated from 60-day DL
2015-10-21,Dodgers,• Lisalverto Bonilla,placed on 60-day DL with recovering from surgery on right elbow
2015-10-22,Pirates,,activated from 60-day DL
2015-10-22,Rangers,,activated from 60-day DL
2015-10-29,White Sox,,activated from 60-day DL
2015-10-30,Reds,,activated from 60-day DL
2015-10-30,Reds,,activated from 60-day DL
2015-11-02,Blue Jays,,activated from 60-day DL
2015-11-02,Blue Jays,,activated from 60-day DL
2015-11-02,Blue Jays,,activated from 60-day DL
2015-11-02,Brewers,,activated from 60-day DL
2015-11-02,Brewers,,activated from 60-day DL
2015-11-02,Cardinals,,activated from 60-day DL
2015-11-02,Cardinals,,activated from 60-day DL
2015-11-02,Diamondbacks,,activated from 60-day DL
2015-11-02,Diamondbacks,,activated from 60-day DL
2015-11-02,Giants,,activated from 60-day DL
2015-11-02,Giants,,activated from 60-day DL
2015-11-02,Giants,,activated from 60-day DL
2015-11-02,Giants,,activated from 60-day DL
2015-11-02,Giants,,activated from 60-day DL
2015-11-02,Giants,,activated from 60-day DL
2015-11-02,Marlins,,activated from 60-day DL
2015-11-02,Mets,,activated from 60-day DL
2015-11-02,Nationals,,activated from 60-day DL
2015-11-02,Nationals,,activated from 60-day DL
2015-11-02,Orioles,,activated from 60-day DL
2015-11-02,Padres,,activated from 60-day DL
2015-11-02,Padres,,activated from 60-day DL
2015-11-02,Phillies,,activated from 60-day DL
2015-11-02,Phillies,,activated from 60-day DL
2015-11-02,Phillies,,activated from 60-day DL
2015-11-02,Phillies,,activated from 60-day DL
2015-11-02,Phillies,,activated from 60-day DL
2015-11-02,Phillies,,activated from 60-day DL
2015-11-02,Pirates,,activated from 60-day DL
2015-11-02,Reds,,activated from 60-day DL
2015-11-02,Reds,,activated from 60-day DL
2015-11-02,Reds,,activated from 60-day DL
2015-11-02,Reds,,activated from 60-day DL
2015-11-02,Reds,,activated from 60-day DL
2015-11-02,Tigers,,activated from 60-day DL
2015-11-02,Twins,,activated from 60-day DL
2015-11-02,Twins,,activated from 60-day DL
2015-11-02,Yankees,,activated from 60-day DL
2015-11-02,Yankees,,activated from 60-day DL
2015-11-03,Athletics,,activated from 60-day DL
2015-11-03,Athletics,,activated from 60-day DL
2015-11-03,Athletics,,activated from 60-day DL
2015-11-03,Athletics,,activated from 60-day DL
2015-11-03,Athletics,,activated from 60-day DL
2015-11-03,Athletics,,activated from 60-day DL
2015-11-03,Athletics,,activated from 60-day DL
2015-11-03,Mets,,activated from 60-day DL
2015-11-03,Mets,,activated from 60-day DL
2015-11-03,Mets,,activated from 60-day DL
2015-11-03,Mets,,activated from 60-day DL
2015-11-03,Mets,,activated from 60-day DL
2015-11-03,Mets,,activated from 60-day DL
2015-11-03,Mets,,activated from 60-day DL
2015-11-03,Nationals,,activated from 60-day DL
2015-11-03,Nationals,,activated from 60-day DL
2015-11-03,Nationals,,activated from 60-day DL
2015-11-04,Braves,,activated from 60-day DL
2015-11-04,Braves,,activated from 60-day DL
2015-11-04,Braves,,activated from 60-day DL
2015-11-04,Braves,,activated from 60-day DL
2015-11-04,Braves,,activated from 60-day DL
2015-11-04,Marlins,,activated from 60-day DL
2015-11-04,Marlins,,activated from 60-day DL
2015-11-04,Padres,,activated from 60-day DL
2015-11-04,Padres,,activated from 60-day DL
2015-11-04,Padres,,activated from 60-day DL
2015-11-04,Rays,,activated from 60-day DL
2015-11-04,Yankees,,activated from 60-day DL
2015-11-04,Yankees,,activated from 60-day DL
2015-11-04,Yankees,,activated from 60-day DL
2015-11-04,Yankees,,activated from 60-day DL
2015-11-05,Astros,,activated from 60-day DL
2015-11-05,Astros,,activated from 60-day DL
2015-11-05,Astros,,activated from 60-day DL
2015-11-05,Mariners,,activated from 60-day DL
2015-11-05,Royals,,activated from 60-day DL
2015-11-05,Royals,,activated from 60-day DL
2015-11-05,Royals,,activated from 60-day DL
2015-11-06,Pirates,,activated from 60-day DL
2015-11-06,Angels,,activated from 60-day DL
2015-11-06,Angels,,activated from 60-day DL
2015-11-06,Angels,,activated from 60-day DL
2015-11-06,Cardinals,,activated from 60-day DL (CBC)
2015-11-06,Dodgers,,activated from 60-day DL
2015-11-06,Dodgers,,activated from 60-day DL
2015-11-06,Dodgers,,activated from 60-day DL
2015-11-06,Dodgers,,activated from 60-day DL
2015-11-06,Dodgers,,activated from 60-day DL
2015-11-06,Indians,,activated from 60-day DL
2015-11-06,Indians,,activated from 60-day DL
2015-11-06,Pirates,,activated from 60-day DL
2015-11-06,Pirates,,activated from 60-day DL
2015-11-06,Pirates,,activated from 60-day DL
2015-11-06,Rangers,,activated from 60-day DL
2015-11-06,Rangers,,activated from 60-day DL
2015-11-06,Rangers,,activated from 60-day DL
2015-11-06,Rays,,activated from 60-day DL
2015-11-06,Rays,,activated from 60-day DL
2015-11-06,Rays,,activated from 60-day DL
2015-11-06,Red Sox,,activated from 60-day DL
2015-11-06,Red Sox,,activated from 60-day DL
2015-11-06,Red Sox,,activated from 60-day DL
2015-11-06,Red Sox,,activated from 60-day DL
2015-11-06,Red Sox,,activated from 60-day DL
2015-11-06,Rockies,,activated from 60-day DL
2015-11-06,Rockies,,activated from 60-day DL
2015-11-06,Rockies,,activated from 60-day DL
2015-11-06,Rockies,,activated from 60-day DL
2015-11-06,Rockies,,activated from 60-day DL
2016-02-18,Rays,• Chase Whitley,"placedon 60-day DL recovering from ligament replacement (""Tommy John"") surgery on right elbow"
2016-02-18,Rockies,• Adam Ottavino,"placed on 60-day DL recovering from ligament replacement (""Tommy John"") surgery on right elbow"
2016-02-19,Dodgers,• Brandon McCarthy,"placed on 60-day DL recovering from ligament replacement (""Tommy John"") surgery on right elbow"
2016-02-19,Royals,• Jason Vargas,placed on 60-day DL recovering from surgery on left elbow
2016-02-20,Braves,• Steven Rodriguez (F.) / Paco Rodriguez,"placed on 60-day DL recovering from ligament replacement (""Tommy John"") surgery on elbow"
2016-02-20,Dodgers,• Francelis Montas / Frankie Montas,placed on 60-day DL recovering from surgery for rib resection
2016-02-25,Cubs,• Zac Rosscup,placed on 60-day DL with left shoulder inflammation
